Workbook
Name List: 'Apthera IOL Exper - Print Old -'!$G$8:$G$27
Name List: 'Envy Experience Tracker '!$AD$7:$AD$37
Name List: 'Envy Experience - Input'!$G$8:$G$27
Name NumVal: Parameters!$J$2
Name PatientIdentifier: OFFSET(#REF!,0,0,COUNTA(#REF!),1)

Sheet Envy Experience - Input
Y2: Include Y/N This provides opportunity to remove outliers that would affect results, i.e. post refractive, corneal/retinal pathology or questionable outcomes noted when reviewing data
A6: Column1 | E6: IOL Power | F6: Lens Type | G6: Patient Identifier | H6: Est. Date Of Service | I6: Eye (OD/OS) | J6: SEQ Target | K6: Pre Op Flat K | L6: Pre-Op Steep K | M6: Flat & Steep K Diff | N6: BCDVA | O6: UCDVA | P6: UCIVA | Q6: UCNVA | R6: SEQ Outcome | S6: Refractive Residual Cylinder | T6: Corneal Residual Cylinder | U6: Include (Y/N) | V6: SEQ Diff | W6: Column1 | X6: Column12 | Y6: Definitions:
A7: =Data[[#This Row],[Patient Identifier]]&Data[[#This Row],[Eye (OD/OS)]] -> 99999OD | D7: EX. | E7: 22.00/1.50 | F7: enVista | G7: 99999 | H7: 43831 | I7: OD | J7: -0.5 | K7: 44.5 | L7: 45 | M7: =ABS(Data[[#This Row],[Pre-Op Steep K]]-Data[[#This Row],[Pre Op Flat K]]) -> 0.5 | N7: 20/20 | O7: 20/25 | P7: 20/20 | Q7: J3 | R7: -0.25 | S7: 0.05 | U7: No | V7: =IF(X7=-1,(Data[[#This Row],[SEQ Target]]-Data[[#This Row],[SEQ Outcome]])*X7,ABS((Data[[#This Row],[SEQ Target]]-Data[[#This Row],[SEQ Outcome]])*X7)) -> 0.25 | W7: =IF(AND(Data[[#This Row],[Patient Identifier]]<>"Enter ID",Data[[#This Row],[Include (Y/N)]]="Yes"),1,0) -> 0 | X7: =IF(Data[[#This Row],[SEQ Outcome]]<Data[[#This Row],[SEQ Target]],-1,1) -> 1 | Y7: SEQ Target - Surgeon’s expected predict/target
A8: =Data[[#This Row],[Patient Identifier]]&Data[[#This Row],[Eye (OD/OS)]] | M8: =ABS(Data[[#This Row],[Pre-Op Steep K]]-Data[[#This Row],[Pre Op Flat K]]) -> 0 | V8: =IF(X8=-1,(Data[[#This Row],[SEQ Target]]-Data[[#This Row],[SEQ Outcome]])*X8,ABS((Data[[#This Row],[SEQ Target]]-Data[[#This Row],[SEQ Outcome]])*X8)) -> 0 | W8: =IF(AND(Data[[#This Row],[Patient Identifier]]<>"Enter ID",Data[[#This Row],[Include (Y/N)]]="Yes"),1,0) -> 0 | X8: =IF(Data[[#This Row],[SEQ Outcome]]<Data[[#This Row],[SEQ Target]],-1,1) -> 1 | Y8: SEQ Outcome - Patient’s spherical equivalent refractive outcome
A9: =Data[[#This Row],[Patient Identifier]]&Data[[#This Row],[Eye (OD/OS)]] | M9: =ABS(Data[[#This Row],[Pre-Op Steep K]]-Data[[#This Row],[Pre Op Flat K]]) -> 0 | V9: =IF(X9=-1,(Data[[#This Row],[SEQ Target]]-Data[[#This Row],[SEQ Outcome]])*X9,ABS((Data[[#This Row],[SEQ Target]]-Data[[#This Row],[SEQ Outcome]])*X9)) -> 0 | W9: =IF(AND(Data[[#This Row],[Patient Identifier]]<>"Enter ID",Data[[#This Row],[Include (Y/N)]]="Yes"),1,0) -> 0 | X9: =IF(Data[[#This Row],[SEQ Outcome]]<Data[[#This Row],[SEQ Target]],-1,1) -> 1 | Y9: SEQ Difference - Difference between expected target and refractive outcome
A10: =Data[[#This Row],[Patient Identifier]]&Data[[#This Row],[Eye (OD/OS)]] | M10: =ABS(Data[[#This Row],[Pre-Op Steep K]]-Data[[#This Row],[Pre Op Flat K]]) -> 0 | V10: =IF(X10=-1,(Data[[#This Row],[SEQ Target]]-Data[[#This Row],[SEQ Outcome]])*X10,ABS((Data[[#This Row],[SEQ Target]]-Data[[#This Row],[SEQ Outcome]])*X10)) -> 0 | W10: =IF(AND(Data[[#This Row],[Patient Identifier]]<>"Enter ID",Data[[#This Row],[Include (Y/N)]]="Yes"),1,0) -> 0 | X10: =IF(Data[[#This Row],[SEQ Outcome]]<Data[[#This Row],[SEQ Target]],-1,1) -> 1 | Y10: OD: Right Eye
A11: =Data[[#This Row],[Patient Identifier]]&Data[[#This Row],[Eye (OD/OS)]] | M11: =ABS(Data[[#This Row],[Pre-Op Steep K]]-Data[[#This Row],[Pre Op Flat K]]) -> 0 | V11: =IF(X11=-1,(Data[[#This Row],[SEQ Target]]-Data[[#This Row],[SEQ Outcome]])*X11,ABS((Data[[#This Row],[SEQ Target]]-Data[[#This Row],[SEQ Outcome]])*X11)) -> 0 | W11: =IF(AND(Data[[#This Row],[Patient Identifier]]<>"Enter ID",Data[[#This Row],[Include (Y/N)]]="Yes"),1,0) -> 0 | X11: =IF(Data[[#This Row],[SEQ Outcome]]<Data[[#This Row],[SEQ Target]],-1,1) -> 1 | Y11: OS: Left Eye
A12: =Data[[#This Row],[Patient Identifier]]&Data[[#This Row],[Eye (OD/OS)]] | M12: =ABS(Data[[#This Row],[Pre-Op Steep K]]-Data[[#This Row],[Pre Op Flat K]]) -> 0 | V12: =IF(X12=-1,(Data[[#This Row],[SEQ Target]]-Data[[#This Row],[SEQ Outcome]])*X12,ABS((Data[[#This Row],[SEQ Target]]-Data[[#This Row],[SEQ Outcome]])*X12)) -> 0 | W12: =IF(AND(Data[[#This Row],[Patient Identifier]]<>"Enter ID",Data[[#This Row],[Include (Y/N)]]="Yes"),1,0) -> 0 | X12: =IF(Data[[#This Row],[SEQ Outcome]]<Data[[#This Row],[SEQ Target]],-1,1) -> 1 | Y12: OU: Both Eyes
A13: =Data[[#This Row],[Patient Identifier]]&Data[[#This Row],[Eye (OD/OS)]] | M13: =ABS(Data[[#This Row],[Pre-Op Steep K]]-Data[[#This Row],[Pre Op Flat K]]) -> 0 | V13: =IF(X13=-1,(Data[[#This Row],[SEQ Target]]-Data[[#This Row],[SEQ Outcome]])*X13,ABS((Data[[#This Row],[SEQ Target]]-Data[[#This Row],[SEQ Outcome]])*X13)) -> 0 | W13: =IF(AND(Data[[#This Row],[Patient Identifier]]<>"Enter ID",Data[[#This Row],[Include (Y/N)]]="Yes"),1,0) -> 0 | X13: =IF(Data[[#This Row],[SEQ Outcome]]<Data[[#This Row],[SEQ Target]],-1,1) -> 1 | Y13: UCDVA: Uncorrected visual acuity
A14: =Data[[#This Row],[Patient Identifier]]&Data[[#This Row],[Eye (OD/OS)]] | M14: =ABS(Data[[#This Row],[Pre-Op Steep K]]-Data[[#This Row],[Pre Op Flat K]]) -> 0 | V14: =IF(X14=-1,(Data[[#This Row],[SEQ Target]]-Data[[#This Row],[SEQ Outcome]])*X14,ABS((Data[[#This Row],[SEQ Target]]-Data[[#This Row],[SEQ Outcome]])*X14)) -> 0 | W14: =IF(AND(Data[[#This Row],[Patient Identifier]]<>"Enter ID",Data[[#This Row],[Include (Y/N)]]="Yes"),1,0) -> 0 | X14: =IF(Data[[#This Row],[SEQ Outcome]]<Data[[#This Row],[SEQ Target]],-1,1) -> 1 | Y14: BCDVA: Best corrected distance visual acuity
A15: =Data[[#This Row],[Patient Identifier]]&Data[[#This Row],[Eye (OD/OS)]] | M15: =ABS(Data[[#This Row],[Pre-Op Steep K]]-Data[[#This Row],[Pre Op Flat K]]) -> 0 | V15: =IF(X15=-1,(Data[[#This Row],[SEQ Target]]-Data[[#This Row],[SEQ Outcome]])*X15,ABS((Data[[#This Row],[SEQ Target]]-Data[[#This Row],[SEQ Outcome]])*X15)) -> 0 | W15: =IF(AND(Data[[#This Row],[Patient Identifier]]<>"Enter ID",Data[[#This Row],[Include (Y/N)]]="Yes"),1,0) -> 0 | X15: =IF(Data[[#This Row],[SEQ Outcome]]<Data[[#This Row],[SEQ Target]],-1,1) -> 1 | Y15: UCIVA: Uncorrected intermediate visual acuity
A16: =Data[[#This Row],[Patient Identifier]]&Data[[#This Row],[Eye (OD/OS)]] | M16: =ABS(Data[[#This Row],[Pre-Op Steep K]]-Data[[#This Row],[Pre Op Flat K]]) -> 0 | V16: =IF(X16=-1,(Data[[#This Row],[SEQ Target]]-Data[[#This Row],[SEQ Outcome]])*X16,ABS((Data[[#This Row],[SEQ Target]]-Data[[#This Row],[SEQ Outcome]])*X16)) -> 0 | W16: =IF(AND(Data[[#This Row],[Patient Identifier]]<>"Enter ID",Data[[#This Row],[Include (Y/N)]]="Yes"),1,0) -> 0 | X16: =IF(Data[[#This Row],[SEQ Outcome]]<Data[[#This Row],[SEQ Target]],-1,1) -> 1 | Y16: UCNVA: Uncorrected near visual acuity
A17: =Data[[#This Row],[Patient Identifier]]&Data[[#This Row],[Eye (OD/OS)]] | M17: =ABS(Data[[#This Row],[Pre-Op Steep K]]-Data[[#This Row],[Pre Op Flat K]]) -> 0 | V17: =IF(X17=-1,(Data[[#This Row],[SEQ Target]]-Data[[#This Row],[SEQ Outcome]])*X17,ABS((Data[[#This Row],[SEQ Target]]-Data[[#This Row],[SEQ Outcome]])*X17)) -> 0 | W17: =IF(AND(Data[[#This Row],[Patient Identifier]]<>"Enter ID",Data[[#This Row],[Include (Y/N)]]="Yes"),1,0) -> 0 | X17: =IF(Data[[#This Row],[SEQ Outcome]]<Data[[#This Row],[SEQ Target]],-1,1) -> 1 | Y17: Pre-Op Flat K: Pre-Operative flat corneal curvature
A18: =Data[[#This Row],[Patient Identifier]]&Data[[#This Row],[Eye (OD/OS)]] | M18: =ABS(Data[[#This Row],[Pre-Op Steep K]]-Data[[#This Row],[Pre Op Flat K]]) -> 0 | V18: =IF(X18=-1,(Data[[#This Row],[SEQ Target]]-Data[[#This Row],[SEQ Outcome]])*X18,ABS((Data[[#This Row],[SEQ Target]]-Data[[#This Row],[SEQ Outcome]])*X18)) -> 0 | W18: =IF(AND(Data[[#This Row],[Patient Identifier]]<>"Enter ID",Data[[#This Row],[Include (Y/N)]]="Yes"),1,0) -> 0 | X18: =IF(Data[[#This Row],[SEQ Outcome]]<Data[[#This Row],[SEQ Target]],-1,1) -> 1 | Y18: Pre-Op Steep K: Pre-Operative steep corneal curvature
A19: =Data[[#This Row],[Patient Identifier]]&Data[[#This Row],[Eye (OD/OS)]] | M19: =ABS(Data[[#This Row],[Pre-Op Steep K]]-Data[[#This Row],[Pre Op Flat K]]) -> 0 | V19: =IF(X19=-1,(Data[[#This Row],[SEQ Target]]-Data[[#This Row],[SEQ Outcome]])*X19,ABS((Data[[#This Row],[SEQ Target]]-Data[[#This Row],[SEQ Outcome]])*X19)) -> 0 | W19: =IF(AND(Data[[#This Row],[Patient Identifier]]<>"Enter ID",Data[[#This Row],[Include (Y/N)]]="Yes"),1,0) -> 0 | X19: =IF(Data[[#This Row],[SEQ Outcome]]<Data[[#This Row],[SEQ Target]],-1,1) -> 1 | Y19: Flat & Steep K Diff: Difference between flat K and steep K.
A20: =Data[[#This Row],[Patient Identifier]]&Data[[#This Row],[Eye (OD/OS)]] | M20: =ABS(Data[[#This Row],[Pre-Op Steep K]]-Data[[#This Row],[Pre Op Flat K]]) -> 0 | V20: =IF(X20=-1,(Data[[#This Row],[SEQ Target]]-Data[[#This Row],[SEQ Outcome]])*X20,ABS((Data[[#This Row],[SEQ Target]]-Data[[#This Row],[SEQ Outcome]])*X20)) -> 0 | W20: =IF(AND(Data[[#This Row],[Patient Identifier]]<>"Enter ID",Data[[#This Row],[Include (Y/N)]]="Yes"),1,0) -> 0 | X20: =IF(Data[[#This Row],[SEQ Outcome]]<Data[[#This Row],[SEQ Target]],-1,1) -> 1
A21: =Data[[#This Row],[Patient Identifier]]&Data[[#This Row],[Eye (OD/OS)]] | M21: =ABS(Data[[#This Row],[Pre-Op Steep K]]-Data[[#This Row],[Pre Op Flat K]]) -> 0 | V21: =IF(X21=-1,(Data[[#This Row],[SEQ Target]]-Data[[#This Row],[SEQ Outcome]])*X21,ABS((Data[[#This Row],[SEQ Target]]-Data[[#This Row],[SEQ Outcome]])*X21)) -> 0 | W21: =IF(AND(Data[[#This Row],[Patient Identifier]]<>"Enter ID",Data[[#This Row],[Include (Y/N)]]="Yes"),1,0) -> 0 | X21: =IF(Data[[#This Row],[SEQ Outcome]]<Data[[#This Row],[SEQ Target]],-1,1) -> 1
A22: =Data[[#This Row],[Patient Identifier]]&Data[[#This Row],[Eye (OD/OS)]] | M22: =ABS(Data[[#This Row],[Pre-Op Steep K]]-Data[[#This Row],[Pre Op Flat K]]) -> 0 | V22: =IF(X22=-1,(Data[[#This Row],[SEQ Target]]-Data[[#This Row],[SEQ Outcome]])*X22,ABS((Data[[#This Row],[SEQ Target]]-Data[[#This Row],[SEQ Outcome]])*X22)) -> 0 | W22: =IF(AND(Data[[#This Row],[Patient Identifier]]<>"Enter ID",Data[[#This Row],[Include (Y/N)]]="Yes"),1,0) -> 0 | X22: =IF(Data[[#This Row],[SEQ Outcome]]<Data[[#This Row],[SEQ Target]],-1,1) -> 1
A23: =Data[[#This Row],[Patient Identifier]]&Data[[#This Row],[Eye (OD/OS)]] | M23: =ABS(Data[[#This Row],[Pre-Op Steep K]]-Data[[#This Row],[Pre Op Flat K]]) -> 0 | V23: =IF(X23=-1,(Data[[#This Row],[SEQ Target]]-Data[[#This Row],[SEQ Outcome]])*X23,ABS((Data[[#This Row],[SEQ Target]]-Data[[#This Row],[SEQ Outcome]])*X23)) -> 0 | W23: =IF(AND(Data[[#This Row],[Patient Identifier]]<>"Enter ID",Data[[#This Row],[Include (Y/N)]]="Yes"),1,0) -> 0 | X23: =IF(Data[[#This Row],[SEQ Outcome]]<Data[[#This Row],[SEQ Target]],-1,1) -> 1
A24: =Data[[#This Row],[Patient Identifier]]&Data[[#This Row],[Eye (OD/OS)]] | M24: =ABS(Data[[#This Row],[Pre-Op Steep K]]-Data[[#This Row],[Pre Op Flat K]]) -> 0 | V24: =IF(X24=-1,(Data[[#This Row],[SEQ Target]]-Data[[#This Row],[SEQ Outcome]])*X24,ABS((Data[[#This Row],[SEQ Target]]-Data[[#This Row],[SEQ Outcome]])*X24)) -> 0 | W24: =IF(AND(Data[[#This Row],[Patient Identifier]]<>"Enter ID",Data[[#This Row],[Include (Y/N)]]="Yes"),1,0) -> 0 | X24: =IF(Data[[#This Row],[SEQ Outcome]]<Data[[#This Row],[SEQ Target]],-1,1) -> 1
A25: =Data[[#This Row],[Patient Identifier]]&Data[[#This Row],[Eye (OD/OS)]] | M25: =ABS(Data[[#This Row],[Pre-Op Steep K]]-Data[[#This Row],[Pre Op Flat K]]) -> 0 | V25: =IF(X25=-1,(Data[[#This Row],[SEQ Target]]-Data[[#This Row],[SEQ Outcome]])*X25,ABS((Data[[#This Row],[SEQ Target]]-Data[[#This Row],[SEQ Outcome]])*X25)) -> 0 | W25: =IF(AND(Data[[#This Row],[Patient Identifier]]<>"Enter ID",Data[[#This Row],[Include (Y/N)]]="Yes"),1,0) -> 0 | X25: =IF(Data[[#This Row],[SEQ Outcome]]<Data[[#This Row],[SEQ Target]],-1,1) -> 1
A26: =Data[[#This Row],[Patient Identifier]]&Data[[#This Row],[Eye (OD/OS)]] | M26: =ABS(Data[[#This Row],[Pre-Op Steep K]]-Data[[#This Row],[Pre Op Flat K]]) -> 0 | V26: =IF(X26=-1,(Data[[#This Row],[SEQ Target]]-Data[[#This Row],[SEQ Outcome]])*X26,ABS((Data[[#This Row],[SEQ Target]]-Data[[#This Row],[SEQ Outcome]])*X26)) -> 0 | W26: =IF(AND(Data[[#This Row],[Patient Identifier]]<>"Enter ID",Data[[#This Row],[Include (Y/N)]]="Yes"),1,0) -> 0 | X26: =IF(Data[[#This Row],[SEQ Outcome]]<Data[[#This Row],[SEQ Target]],-1,1) -> 1
A27: =Data[[#This Row],[Patient Identifier]]&Data[[#This Row],[Eye (OD/OS)]] | M27: =ABS(Data[[#This Row],[Pre-Op Steep K]]-Data[[#This Row],[Pre Op Flat K]]) -> 0 | V27: =IF(X27=-1,(Data[[#This Row],[SEQ Target]]-Data[[#This Row],[SEQ Outcome]])*X27,ABS((Data[[#This Row],[SEQ Target]]-Data[[#This Row],[SEQ Outcome]])*X27)) -> 0 | W27: =IF(AND(Data[[#This Row],[Patient Identifier]]<>"Enter ID",Data[[#This Row],[Include (Y/N)]]="Yes"),1,0) -> 0 | X27: =IF(Data[[#This Row],[SEQ Outcome]]<Data[[#This Row],[SEQ Target]],-1,1) -> 1
E28: POST OP - EVALUATION SUMMARY - OU | W28: =IFERROR(AVERAGEIFS($V$8:$V$27,$F$8:$F$27,"<>"&$W$35,$F$8:$F$27,"<>"&$W$34,$W$8:$W$27,1),0) -> 0 | Y28: Other Lenses
A29: =G29&I29 -> OU | I29: OU | W29: =IFERROR(AVERAGEIFS($V$8:$V$27,$F$8:$F$27,"<>"&$W$38,$F$8:$F$27,"<>"&$W$37,$F$8:$F$27,"<>"&$W$36,$F$8:$F$27,"<>"&$W$32,$F$8:$F$27,"<>"&$W$33,$W$8:$W$27,1),0) -> 0 | Y29: Aspire or Aspire Toric
A30: =G30&I30 -> OU | I30: OU
A31: =G31&I31 -> OU | I31: OU
A32: =G32&I32 -> OU | I32: OU | W32: enVista
A33: =G33&I33 -> OU | I33: OU | W33: enVista Toric
A34: =G34&I34 -> OU | I34: OU | W34: Aspire
A35: =G35&I35 -> OU | I35: OU | W35: Aspire Toric
A36: =G36&I36 -> OU | I36: OU | W36: IC8 - Apthera
A37: =G37&I37 -> OU | I37: OU | W37: Other B+L
A38: =G38&I38 -> OU | I38: OU | W38: Competitor

Sheet Sheet2
A1: Pre Op Flat K | B1: Pre-Op Steep K | C1: Flat & Steep K Diff | E1: Refractive Residual Cylinder | G1: Lens Type drop down menu
C2: Steep K- Flat K | G2: Apthera IOL | I2: Male
A3: 43 | B3: 44.5 | C3: 1.5 | D3: k | E3: 0.5 | F3: p | G3: enVista | I3: Female
G4: enVista Toric
G5: Alreos
G6: LI61AO
G7: Other

Sheet Envy Experience - Results
AB3: Left Eye
A4: Both Eyes | B4: =COUNTIFS('Envy Experience - Input'!U29:U38,"Yes") -> 0 | AB4: =IFERROR(VLOOKUP($X$3&"OS",'Envy Experience - Input'!$A$6:$U$27,10,0),"")
A5: Post Refractive Surgeries | B5: =COUNTIFS('Envy Experience - Input'!R8:R27,"Yes",'Envy Experience - Input'!U8:U27,"Yes") -> 0 | AB5: =IFERROR(VLOOKUP($X$3&"OS",'Envy Experience - Input'!$A$6:$U$27,11,0),"")
A6: Left Eye | B6: =COUNTIFS('Envy Experience - Input'!I8:I27,"OS",'Envy Experience - Input'!U8:U27,"Yes") -> 0 | AB6: =IFERROR(VLOOKUP($X$3&"OS",'Envy Experience - Input'!$A$6:$U$27,12,0),"")
A7: Right Eye | B7: =COUNTIFS('Envy Experience - Input'!I8:I27,"OD",'Envy Experience - Input'!U8:U27,"Yes") -> 0 | AB7: =IFERROR(VLOOKUP($X$3&"OS",'Envy Experience - Input'!$A$6:$U$27,13,0),"")
A8: =A6& " - "& B6 & " Experiences" -> Left Eye - 0 Experiences | AB8: =IFERROR(VLOOKUP($X$3&"OS",'Envy Experience - Input'!$A$6:$U$27,14,0),"")
A9: =A7& " - "& B7 & " Experiences" -> Right Eye - 0 Experiences | Z9: ="SEQ Diff Average " & TEXT($AA$11,"##0.##") -> SEQ Diff Average 0 | AA9: ='Envy Experience - Input'!W30 -> 0 | AB9: ="SEQ enVista/Toric Diff Average " & TEXT($AC$9,"##0.##") -> SEQ enVista/Toric Diff Average 0 | AC9: =AA9 -> 0
A10: =A5& " - "& B5 -> Post Refractive Surgeries - 0 | Z10: ="SEQ Diff Average " & TEXT($AA$11,"##0.##") -> SEQ Diff Average 0 | AA10: ='Envy Experience - Input'!W28 -> 0 | AB10: ="SEQ Other IOL Lens Diff Average " & TEXT($AC$10,"##0.##") -> SEQ Other IOL Lens Diff Average 0 | AC10: =AA10 -> 0
A11: BCDVA | Z11: ="SEQ Diff Average " & TEXT($AA$11,"##0.##") -> SEQ Diff Average 0 | AA11: ='Envy Experience - Input'!W29 -> 0 | AB11: ="SEQ Aspire/Aspire Toric Diff Average " & TEXT($AC$11,"##0.##") -> SEQ Aspire/Aspire Toric Diff Average 0 | AC11: ='Envy Experience - Input'!W29 -> 0
A12: Measure | B12: Right | C12: R % | D12: Left | E12: L%
A13: 20/15 | B13: =COUNTIFS('Envy Experience - Input'!$N$8:$N$27,'Envy Experience - Results'!A13,'Envy Experience - Input'!$I$8:$I$27,"OD",'Envy Experience - Input'!$U$8:$U$27,"Yes",'Envy Experience - Input'!$F$8:$F$27,"<>Aspire",'Envy Experience - Input'!$F$8:$F$27,"<>Aspire Toric") -> 0 | C13: =B13/$B$7 -> #DIV/0! | D13: =COUNTIFS('Envy Experience - Input'!$N$8:$N$27,'Envy Experience - Results'!A13,'Envy Experience - Input'!$I$8:$I$27,"OS",'Envy Experience - Input'!$U$8:$U$27,"Yes",'Envy Experience - Input'!$F$8:$F$27,"<>Aspire",'Envy Experience - Input'!$F$8:$F$27,"<>Aspire Toric") -> 0 | E13: =D13/$B$6 -> #DIV/0!
A14: 20/20 | B14: =COUNTIFS('Envy Experience - Input'!$N$8:$N$27,'Envy Experience - Results'!A14,'Envy Experience - Input'!$I$8:$I$27,"OD",'Envy Experience - Input'!$U$8:$U$27,"Yes",'Envy Experience - Input'!$F$8:$F$27,"<>Aspire",'Envy Experience - Input'!$F$8:$F$27,"<>Aspire Toric") -> 0 | C14: =B14/$B$7 -> #DIV/0! | D14: =COUNTIFS('Envy Experience - Input'!$N$8:$N$27,'Envy Experience - Results'!A14,'Envy Experience - Input'!$I$8:$I$27,"OS",'Envy Experience - Input'!$U$8:$U$27,"Yes",'Envy Experience - Input'!$F$8:$F$27,"<>Aspire",'Envy Experience - Input'!$F$8:$F$27,"<>Aspire Toric") -> 0 | E14: =D14/$B$6 -> #DIV/0!
A15: 20/25 | B15: =COUNTIFS('Envy Experience - Input'!$N$8:$N$27,'Envy Experience - Results'!A15,'Envy Experience - Input'!$I$8:$I$27,"OD",'Envy Experience - Input'!$U$8:$U$27,"Yes",'Envy Experience - Input'!$F$8:$F$27,"<>Aspire",'Envy Experience - Input'!$F$8:$F$27,"<>Aspire Toric") -> 0 | C15: =B15/$B$7 -> #DIV/0! | D15: =COUNTIFS('Envy Experience - Input'!$N$8:$N$27,'Envy Experience - Results'!A15,'Envy Experience - Input'!$I$8:$I$27,"OS",'Envy Experience - Input'!$U$8:$U$27,"Yes",'Envy Experience - Input'!$F$8:$F$27,"<>Aspire",'Envy Experience - Input'!$F$8:$F$27,"<>Aspire Toric") -> 0 | E15: =D15/$B$6 -> #DIV/0!
A16: 20/30 | B16: =COUNTIFS('Envy Experience - Input'!$N$8:$N$27,'Envy Experience - Results'!A16,'Envy Experience - Input'!$I$8:$I$27,"OD",'Envy Experience - Input'!$U$8:$U$27,"Yes",'Envy Experience - Input'!$F$8:$F$27,"<>Aspire",'Envy Experience - Input'!$F$8:$F$27,"<>Aspire Toric") -> 0 | C16: =B16/$B$7 -> #DIV/0! | D16: =COUNTIFS('Envy Experience - Input'!$N$8:$N$27,'Envy Experience - Results'!A16,'Envy Experience - Input'!$I$8:$I$27,"OS",'Envy Experience - Input'!$U$8:$U$27,"Yes",'Envy Experience - Input'!$F$8:$F$27,"<>Aspire",'Envy Experience - Input'!$F$8:$F$27,"<>Aspire Toric") -> 0 | E16: =D16/$B$6 -> #DIV/0!
A17: 20/40 | B17: =COUNTIFS('Envy Experience - Input'!$N$8:$N$27,'Envy Experience - Results'!A17,'Envy Experience - Input'!$I$8:$I$27,"OD",'Envy Experience - Input'!$U$8:$U$27,"Yes",'Envy Experience - Input'!$F$8:$F$27,"<>Aspire",'Envy Experience - Input'!$F$8:$F$27,"<>Aspire Toric") -> 0 | C17: =B17/$B$7 -> #DIV/0! | D17: =COUNTIFS('Envy Experience - Input'!$N$8:$N$27,'Envy Experience - Results'!A17,'Envy Experience - Input'!$I$8:$I$27,"OS",'Envy Experience - Input'!$U$8:$U$27,"Yes",'Envy Experience - Input'!$F$8:$F$27,"<>Aspire",'Envy Experience - Input'!$F$8:$F$27,"<>Aspire Toric") -> 0 | E17: =D17/$B$6 -> #DIV/0!
A18: 20/50 | B18: =COUNTIFS('Envy Experience - Input'!$N$8:$N$27,'Envy Experience - Results'!A18,'Envy Experience - Input'!$I$8:$I$27,"OD",'Envy Experience - Input'!$U$8:$U$27,"Yes",'Envy Experience - Input'!$F$8:$F$27,"<>Aspire",'Envy Experience - Input'!$F$8:$F$27,"<>Aspire Toric") -> 0 | C18: =B18/$B$7 -> #DIV/0! | D18: =COUNTIFS('Envy Experience - Input'!$N$8:$N$27,'Envy Experience - Results'!A18,'Envy Experience - Input'!$I$8:$I$27,"OS",'Envy Experience - Input'!$U$8:$U$27,"Yes",'Envy Experience - Input'!$F$8:$F$27,"<>Aspire",'Envy Experience - Input'!$F$8:$F$27,"<>Aspire Toric") -> 0 | E18: =D18/$B$6 -> #DIV/0!
A19: 20/60 | B19: =COUNTIFS('Envy Experience - Input'!$N$8:$N$27,'Envy Experience - Results'!A19,'Envy Experience - Input'!$I$8:$I$27,"OD",'Envy Experience - Input'!$U$8:$U$27,"Yes",'Envy Experience - Input'!$F$8:$F$27,"<>Aspire",'Envy Experience - Input'!$F$8:$F$27,"<>Aspire Toric") -> 0 | C19: =B19/$B$7 -> #DIV/0! | D19: =COUNTIFS('Envy Experience - Input'!$N$8:$N$27,'Envy Experience - Results'!A19,'Envy Experience - Input'!$I$8:$I$27,"OS",'Envy Experience - Input'!$U$8:$U$27,"Yes",'Envy Experience - Input'!$F$8:$F$27,"<>Aspire",'Envy Experience - Input'!$F$8:$F$27,"<>Aspire Toric") -> 0 | E19: =D19/$B$6 -> #DIV/0!
A20: 20/70 | B20: =COUNTIFS('Envy Experience - Input'!$N$8:$N$27,'Envy Experience - Results'!A20,'Envy Experience - Input'!$I$8:$I$27,"OD",'Envy Experience - Input'!$U$8:$U$27,"Yes",'Envy Experience - Input'!$F$8:$F$27,"<>Aspire",'Envy Experience - Input'!$F$8:$F$27,"<>Aspire Toric") -> 0 | C20: =B20/$B$7 -> #DIV/0! | D20: =COUNTIFS('Envy Experience - Input'!$N$8:$N$27,'Envy Experience - Results'!A20,'Envy Experience - Input'!$I$8:$I$27,"OS",'Envy Experience - Input'!$U$8:$U$27,"Yes",'Envy Experience - Input'!$F$8:$F$27,"<>Aspire",'Envy Experience - Input'!$F$8:$F$27,"<>Aspire Toric") -> 0 | E20: =D20/$B$6 -> #DIV/0!
B21: =SUM(B13:B20) -> 0 | C21: =SUM(C13:C20) -> #DIV/0! | D21: =SUM(D13:D20) -> 0 | E21: =SUM(E13:E20) -> #DIV/0!
A22: UCDVA
A23: Measure | B23: Right | C23: R % | D23: Left | E23: L%
A24: 20/15 | B24: =COUNTIFS('Envy Experience - Input'!$O$8:$O$27,'Envy Experience - Results'!A24,'Envy Experience - Input'!$I$8:$I$27,"OD",'Envy Experience - Input'!$U$8:$U$27,"Yes",'Envy Experience - Input'!$F$8:$F$27,"<>Aspire",'Envy Experience - Input'!$F$8:$F$27,"<>Aspire Toric") -> 0 | C24: =B24/$B$7 -> #DIV/0! | D24: =COUNTIFS('Envy Experience - Input'!$O$8:$O$27,'Envy Experience - Results'!A24,'Envy Experience - Input'!$I$8:$I$27,"OS",'Envy Experience - Input'!$U$8:$U$27,"Yes",'Envy Experience - Input'!$F$8:$F$27,"<>Aspire",'Envy Experience - Input'!$F$8:$F$27,"<>Aspire Toric") -> 0 | E24: =D24/$B$6 -> #DIV/0!
A25: 20/20 | B25: =COUNTIFS('Envy Experience - Input'!$O$8:$O$27,'Envy Experience - Results'!A25,'Envy Experience - Input'!$I$8:$I$27,"OD",'Envy Experience - Input'!$U$8:$U$27,"Yes",'Envy Experience - Input'!$F$8:$F$27,"<>Aspire",'Envy Experience - Input'!$F$8:$F$27,"<>Aspire Toric") -> 0 | C25: =B25/$B$7 -> #DIV/0! | D25: =COUNTIFS('Envy Experience - Input'!$O$8:$O$27,'Envy Experience - Results'!A25,'Envy Experience - Input'!$I$8:$I$27,"OS",'Envy Experience - Input'!$U$8:$U$27,"Yes",'Envy Experience - Input'!$F$8:$F$27,"<>Aspire",'Envy Experience - Input'!$F$8:$F$27,"<>Aspire Toric") -> 0 | E25: =D25/$B$6 -> #DIV/0!
A26: 20/25 | B26: =COUNTIFS('Envy Experience - Input'!$O$8:$O$27,'Envy Experience - Results'!A26,'Envy Experience - Input'!$I$8:$I$27,"OD",'Envy Experience - Input'!$U$8:$U$27,"Yes",'Envy Experience - Input'!$F$8:$F$27,"<>Aspire",'Envy Experience - Input'!$F$8:$F$27,"<>Aspire Toric") -> 0 | C26: =B26/$B$7 -> #DIV/0! | D26: =COUNTIFS('Envy Experience - Input'!$O$8:$O$27,'Envy Experience - Results'!A26,'Envy Experience - Input'!$I$8:$I$27,"OS",'Envy Experience - Input'!$U$8:$U$27,"Yes",'Envy Experience - Input'!$F$8:$F$27,"<>Aspire",'Envy Experience - Input'!$F$8:$F$27,"<>Aspire Toric") -> 0 | E26: =D26/$B$6 -> #DIV/0!
A27: 20/30 | B27: =COUNTIFS('Envy Experience - Input'!$O$8:$O$27,'Envy Experience - Results'!A27,'Envy Experience - Input'!$I$8:$I$27,"OD",'Envy Experience - Input'!$U$8:$U$27,"Yes",'Envy Experience - Input'!$F$8:$F$27,"<>Aspire",'Envy Experience - Input'!$F$8:$F$27,"<>Aspire Toric") -> 0 | C27: =B27/$B$7 -> #DIV/0! | D27: =COUNTIFS('Envy Experience - Input'!$O$8:$O$27,'Envy Experience - Results'!A27,'Envy Experience - Input'!$I$8:$I$27,"OS",'Envy Experience - Input'!$U$8:$U$27,"Yes",'Envy Experience - Input'!$F$8:$F$27,"<>Aspire",'Envy Experience - Input'!$F$8:$F$27,"<>Aspire Toric") -> 0 | E27: =D27/$B$6 -> #DIV/0!
A28: 20/40 | B28: =COUNTIFS('Envy Experience - Input'!$O$8:$O$27,'Envy Experience - Results'!A28,'Envy Experience - Input'!$I$8:$I$27,"OD",'Envy Experience - Input'!$U$8:$U$27,"Yes",'Envy Experience - Input'!$F$8:$F$27,"<>Aspire",'Envy Experience - Input'!$F$8:$F$27,"<>Aspire Toric") -> 0 | C28: =B28/$B$7 -> #DIV/0! | D28: =COUNTIFS('Envy Experience - Input'!$O$8:$O$27,'Envy Experience - Results'!A28,'Envy Experience - Input'!$I$8:$I$27,"OS",'Envy Experience - Input'!$U$8:$U$27,"Yes",'Envy Experience - Input'!$F$8:$F$27,"<>Aspire",'Envy Experience - Input'!$F$8:$F$27,"<>Aspire Toric") -> 0 | E28: =D28/$B$6 -> #DIV/0!
A29: 20/50 | B29: =COUNTIFS('Envy Experience - Input'!$O$8:$O$27,'Envy Experience - Results'!A29,'Envy Experience - Input'!$I$8:$I$27,"OD",'Envy Experience - Input'!$U$8:$U$27,"Yes",'Envy Experience - Input'!$F$8:$F$27,"<>Aspire",'Envy Experience - Input'!$F$8:$F$27,"<>Aspire Toric") -> 0 | C29: =B29/$B$7 -> #DIV/0! | D29: =COUNTIFS('Envy Experience - Input'!$O$8:$O$27,'Envy Experience - Results'!A29,'Envy Experience - Input'!$I$8:$I$27,"OS",'Envy Experience - Input'!$U$8:$U$27,"Yes",'Envy Experience - Input'!$F$8:$F$27,"<>Aspire",'Envy Experience - Input'!$F$8:$F$27,"<>Aspire Toric") -> 0 | E29: =D29/$B$6 -> #DIV/0!
A30: 20/60 | B30: =COUNTIFS('Envy Experience - Input'!$O$8:$O$27,'Envy Experience - Results'!A30,'Envy Experience - Input'!$I$8:$I$27,"OD",'Envy Experience - Input'!$U$8:$U$27,"Yes",'Envy Experience - Input'!$F$8:$F$27,"<>Aspire",'Envy Experience - Input'!$F$8:$F$27,"<>Aspire Toric") -> 0 | C30: =B30/$B$7 -> #DIV/0! | D30: =COUNTIFS('Envy Experience - Input'!$O$8:$O$27,'Envy Experience - Results'!A30,'Envy Experience - Input'!$I$8:$I$27,"OS",'Envy Experience - Input'!$U$8:$U$27,"Yes",'Envy Experience - Input'!$F$8:$F$27,"<>Aspire",'Envy Experience - Input'!$F$8:$F$27,"<>Aspire Toric") -> 0 | E30: =D30/$B$6 -> #DIV/0!
A31: 20/70 | B31: =COUNTIFS('Envy Experience - Input'!$O$8:$O$27,'Envy Experience - Results'!A31,'Envy Experience - Input'!$I$8:$I$27,"OD",'Envy Experience - Input'!$U$8:$U$27,"Yes",'Envy Experience - Input'!$F$8:$F$27,"<>Aspire",'Envy Experience - Input'!$F$8:$F$27,"<>Aspire Toric") -> 0 | C31: =B31/$B$7 -> #DIV/0! | D31: =COUNTIFS('Envy Experience - Input'!$O$8:$O$27,'Envy Experience - Results'!A31,'Envy Experience - Input'!$I$8:$I$27,"OS",'Envy Experience - Input'!$U$8:$U$27,"Yes",'Envy Experience - Input'!$F$8:$F$27,"<>Aspire",'Envy Experience - Input'!$F$8:$F$27,"<>Aspire Toric") -> 0 | E31: =D31/$B$6 -> #DIV/0!
B32: =SUM(B24:B31) -> 0 | C32: =SUM(C24:C31) -> #DIV/0! | D32: =SUM(D24:D31) -> 0 | E32: =SUM(E24:E31) -> #DIV/0!
A33: UCIVA
A34: Measure | B34: Right | C34: R % | D34: Left | E34: L%
A35: 20/15 | B35: =COUNTIFS('Envy Experience - Input'!$P$8:$P$27,'Envy Experience - Results'!A35,'Envy Experience - Input'!$I$8:$I$27,"OD",'Envy Experience - Input'!$U$8:$U$27,"Yes",'Envy Experience - Input'!$F$8:$F$27,"<>Aspire",'Envy Experience - Input'!$F$8:$F$27,"<>Aspire Toric") -> 0 | C35: =B35/$B$7 -> #DIV/0! | D35: =COUNTIFS('Envy Experience - Input'!$P$8:$P$27,'Envy Experience - Results'!A35,'Envy Experience - Input'!$I$8:$I$27,"OS",'Envy Experience - Input'!$U$8:$U$27,"Yes",'Envy Experience - Input'!$F$8:$F$27,"<>Aspire",'Envy Experience - Input'!$F$8:$F$27,"<>Aspire Toric") -> 0 | E35: =D35/$B$6 -> #DIV/0!
A36: 20/20 | B36: =COUNTIFS('Envy Experience - Input'!$P$8:$P$27,'Envy Experience - Results'!A36,'Envy Experience - Input'!$I$8:$I$27,"OD",'Envy Experience - Input'!$U$8:$U$27,"Yes",'Envy Experience - Input'!$F$8:$F$27,"<>Aspire",'Envy Experience - Input'!$F$8:$F$27,"<>Aspire Toric") -> 0 | C36: =B36/$B$7 -> #DIV/0! | D36: =COUNTIFS('Envy Experience - Input'!$P$8:$P$27,'Envy Experience - Results'!A36,'Envy Experience - Input'!$I$8:$I$27,"OS",'Envy Experience - Input'!$U$8:$U$27,"Yes",'Envy Experience - Input'!$F$8:$F$27,"<>Aspire",'Envy Experience - Input'!$F$8:$F$27,"<>Aspire Toric") -> 0 | E36: =D36/$B$6 -> #DIV/0!
A37: 20/25 | B37: =COUNTIFS('Envy Experience - Input'!$P$8:$P$27,'Envy Experience - Results'!A37,'Envy Experience - Input'!$I$8:$I$27,"OD",'Envy Experience - Input'!$U$8:$U$27,"Yes",'Envy Experience - Input'!$F$8:$F$27,"<>Aspire",'Envy Experience - Input'!$F$8:$F$27,"<>Aspire Toric") -> 0 | C37: =B37/$B$7 -> #DIV/0! | D37: =COUNTIFS('Envy Experience - Input'!$P$8:$P$27,'Envy Experience - Results'!A37,'Envy Experience - Input'!$I$8:$I$27,"OS",'Envy Experience - Input'!$U$8:$U$27,"Yes",'Envy Experience - Input'!$F$8:$F$27,"<>Aspire",'Envy Experience - Input'!$F$8:$F$27,"<>Aspire Toric") -> 0 | E37: =D37/$B$6 -> #DIV/0!
A38: 20/30 | B38: =COUNTIFS('Envy Experience - Input'!$P$8:$P$27,'Envy Experience - Results'!A38,'Envy Experience - Input'!$I$8:$I$27,"OD",'Envy Experience - Input'!$U$8:$U$27,"Yes",'Envy Experience - Input'!$F$8:$F$27,"<>Aspire",'Envy Experience - Input'!$F$8:$F$27,"<>Aspire Toric") -> 0 | C38: =B38/$B$7 -> #DIV/0! | D38: =COUNTIFS('Envy Experience - Input'!$P$8:$P$27,'Envy Experience - Results'!A38,'Envy Experience - Input'!$I$8:$I$27,"OS",'Envy Experience - Input'!$U$8:$U$27,"Yes",'Envy Experience - Input'!$F$8:$F$27,"<>Aspire",'Envy Experience - Input'!$F$8:$F$27,"<>Aspire Toric") -> 0 | E38: =D38/$B$6 -> #DIV/0!
A39: 20/40 | B39: =COUNTIFS('Envy Experience - Input'!$P$8:$P$27,'Envy Experience - Results'!A39,'Envy Experience - Input'!$I$8:$I$27,"OD",'Envy Experience - Input'!$U$8:$U$27,"Yes",'Envy Experience - Input'!$F$8:$F$27,"<>Aspire",'Envy Experience - Input'!$F$8:$F$27,"<>Aspire Toric") -> 0 | C39: =B39/$B$7 -> #DIV/0! | D39: =COUNTIFS('Envy Experience - Input'!$P$8:$P$27,'Envy Experience - Results'!A39,'Envy Experience - Input'!$I$8:$I$27,"OS",'Envy Experience - Input'!$U$8:$U$27,"Yes",'Envy Experience - Input'!$F$8:$F$27,"<>Aspire",'Envy Experience - Input'!$F$8:$F$27,"<>Aspire Toric") -> 0 | E39: =D39/$B$6 -> #DIV/0!
A40: 20/50 | B40: =COUNTIFS('Envy Experience - Input'!$P$8:$P$27,'Envy Experience - Results'!A40,'Envy Experience - Input'!$I$8:$I$27,"OD",'Envy Experience - Input'!$U$8:$U$27,"Yes",'Envy Experience - Input'!$F$8:$F$27,"<>Aspire",'Envy Experience - Input'!$F$8:$F$27,"<>Aspire Toric") -> 0 | C40: =B40/$B$7 -> #DIV/0! | D40: =COUNTIFS('Envy Experience - Input'!$P$8:$P$27,'Envy Experience - Results'!A40,'Envy Experience - Input'!$I$8:$I$27,"OS",'Envy Experience - Input'!$U$8:$U$27,"Yes",'Envy Experience - Input'!$F$8:$F$27,"<>Aspire",'Envy Experience - Input'!$F$8:$F$27,"<>Aspire Toric") -> 0 | E40: =D40/$B$6 -> #DIV/0!
A41: 20/60 | B41: =COUNTIFS('Envy Experience - Input'!$P$8:$P$27,'Envy Experience - Results'!A41,'Envy Experience - Input'!$I$8:$I$27,"OD",'Envy Experience - Input'!$U$8:$U$27,"Yes",'Envy Experience - Input'!$F$8:$F$27,"<>Aspire",'Envy Experience - Input'!$F$8:$F$27,"<>Aspire Toric") -> 0 | C41: =B41/$B$7 -> #DIV/0! | D41: =COUNTIFS('Envy Experience - Input'!$P$8:$P$27,'Envy Experience - Results'!A41,'Envy Experience - Input'!$I$8:$I$27,"OS",'Envy Experience - Input'!$U$8:$U$27,"Yes",'Envy Experience - Input'!$F$8:$F$27,"<>Aspire",'Envy Experience - Input'!$F$8:$F$27,"<>Aspire Toric") -> 0 | E41: =D41/$B$6 -> #DIV/0!
A42: 20/70 | B42: =COUNTIFS('Envy Experience - Input'!$P$8:$P$27,'Envy Experience - Results'!A42,'Envy Experience - Input'!$I$8:$I$27,"OD",'Envy Experience - Input'!$U$8:$U$27,"Yes",'Envy Experience - Input'!$F$8:$F$27,"<>Aspire",'Envy Experience - Input'!$F$8:$F$27,"<>Aspire Toric") -> 0 | C42: =B42/$B$7 -> #DIV/0! | D42: =COUNTIFS('Envy Experience - Input'!$P$8:$P$27,'Envy Experience - Results'!A42,'Envy Experience - Input'!$I$8:$I$27,"OS",'Envy Experience - Input'!$U$8:$U$27,"Yes",'Envy Experience - Input'!$F$8:$F$27,"<>Aspire",'Envy Experience - Input'!$F$8:$F$27,"<>Aspire Toric") -> 0 | E42: =D42/$B$6 -> #DIV/0!
B43: =SUM(B35:B42) -> 0 | C43: =SUM(C35:C42) -> #DIV/0! | D43: =SUM(D35:D42) -> 0 | E43: =SUM(E35:E42) -> #DIV/0!
A44: UCNVA
A45: Measure | B45: Right | C45: R % | D45: Left | E45: L%
A46: J1+ | B46: =COUNTIFS('Envy Experience - Input'!$Q$8:$Q$27,'Envy Experience - Results'!A46,'Envy Experience - Input'!$I$8:$I$27,"OD",'Envy Experience - Input'!$U$8:$U$27,"Yes",'Envy Experience - Input'!$F$8:$F$27,"<>Aspire",'Envy Experience - Input'!$F$8:$F$27,"<>Aspire Toric") -> 0 | C46: =B46/$B$7 -> #DIV/0! | D46: =COUNTIFS('Envy Experience - Input'!$Q$8:$Q$27,'Envy Experience - Results'!A46,'Envy Experience - Input'!$I$8:$I$27,"OS",'Envy Experience - Input'!$U$8:$U$27,"Yes",'Envy Experience - Input'!$F$8:$F$27,"<>Aspire",'Envy Experience - Input'!$F$8:$F$27,"<>Aspire Toric") -> 0 | E46: =D46/$B$6 -> #DIV/0! | F46: =A46 -> J1+
A47: J1 | B47: =COUNTIFS('Envy Experience - Input'!$Q$8:$Q$27,'Envy Experience - Results'!A47,'Envy Experience - Input'!$I$8:$I$27,"OD",'Envy Experience - Input'!$U$8:$U$27,"Yes",'Envy Experience - Input'!$F$8:$F$27,"<>Aspire",'Envy Experience - Input'!$F$8:$F$27,"<>Aspire Toric") -> 0 | C47: =B47/$B$7 -> #DIV/0! | D47: =COUNTIFS('Envy Experience - Input'!$Q$8:$Q$27,'Envy Experience - Results'!A47,'Envy Experience - Input'!$I$8:$I$27,"OS",'Envy Experience - Input'!$U$8:$U$27,"Yes",'Envy Experience - Input'!$F$8:$F$27,"<>Aspire",'Envy Experience - Input'!$F$8:$F$27,"<>Aspire Toric") -> 0 | E47: =D47/$B$6 -> #DIV/0! | F47: =A47 -> J1
A48: J2 | B48: =COUNTIFS('Envy Experience - Input'!$Q$8:$Q$27,'Envy Experience - Results'!A48,'Envy Experience - Input'!$I$8:$I$27,"OD",'Envy Experience - Input'!$U$8:$U$27,"Yes",'Envy Experience - Input'!$F$8:$F$27,"<>Aspire",'Envy Experience - Input'!$F$8:$F$27,"<>Aspire Toric") -> 0 | C48: =B48/$B$7 -> #DIV/0! | D48: =COUNTIFS('Envy Experience - Input'!$Q$8:$Q$27,'Envy Experience - Results'!A48,'Envy Experience - Input'!$I$8:$I$27,"OS",'Envy Experience - Input'!$U$8:$U$27,"Yes",'Envy Experience - Input'!$F$8:$F$27,"<>Aspire",'Envy Experience - Input'!$F$8:$F$27,"<>Aspire Toric") -> 0 | E48: =D48/$B$6 -> #DIV/0! | F48: =A48 -> J2
A49: J3 | B49: =COUNTIFS('Envy Experience - Input'!$Q$8:$Q$27,'Envy Experience - Results'!A49,'Envy Experience - Input'!$I$8:$I$27,"OD",'Envy Experience - Input'!$U$8:$U$27,"Yes",'Envy Experience - Input'!$F$8:$F$27,"<>Aspire",'Envy Experience - Input'!$F$8:$F$27,"<>Aspire Toric") -> 0 | C49: =B49/$B$7 -> #DIV/0! | D49: =COUNTIFS('Envy Experience - Input'!$Q$8:$Q$27,'Envy Experience - Results'!A49,'Envy Experience - Input'!$I$8:$I$27,"OS",'Envy Experience - Input'!$U$8:$U$27,"Yes",'Envy Experience - Input'!$F$8:$F$27,"<>Aspire",'Envy Experience - Input'!$F$8:$F$27,"<>Aspire Toric") -> 0 | E49: =D49/$B$6 -> #DIV/0! | F49: =A49 -> J3
A50: J5 | B50: =COUNTIFS('Envy Experience - Input'!$Q$8:$Q$27,'Envy Experience - Results'!A50,'Envy Experience - Input'!$I$8:$I$27,"OD",'Envy Experience - Input'!$U$8:$U$27,"Yes",'Envy Experience - Input'!$F$8:$F$27,"<>Aspire",'Envy Experience - Input'!$F$8:$F$27,"<>Aspire Toric") -> 0 | C50: =B50/$B$7 -> #DIV/0! | D50: =COUNTIFS('Envy Experience - Input'!$Q$8:$Q$27,'Envy Experience - Results'!A50,'Envy Experience - Input'!$I$8:$I$27,"OS",'Envy Experience - Input'!$U$8:$U$27,"Yes",'Envy Experience - Input'!$F$8:$F$27,"<>Aspire",'Envy Experience - Input'!$F$8:$F$27,"<>Aspire Toric") -> 0 | E50: =D50/$B$6 -> #DIV/0! | F50: =A50 -> J5
A51: J6 | B51: =COUNTIFS('Envy Experience - Input'!$Q$8:$Q$27,'Envy Experience - Results'!A51,'Envy Experience - Input'!$I$8:$I$27,"OD",'Envy Experience - Input'!$U$8:$U$27,"Yes",'Envy Experience - Input'!$F$8:$F$27,"<>Aspire",'Envy Experience - Input'!$F$8:$F$27,"<>Aspire Toric") -> 0 | C51: =B51/$B$7 -> #DIV/0! | D51: =COUNTIFS('Envy Experience - Input'!$Q$8:$Q$27,'Envy Experience - Results'!A51,'Envy Experience - Input'!$I$8:$I$27,"OS",'Envy Experience - Input'!$U$8:$U$27,"Yes",'Envy Experience - Input'!$F$8:$F$27,"<>Aspire",'Envy Experience - Input'!$F$8:$F$27,"<>Aspire Toric") -> 0 | E51: =D51/$B$6 -> #DIV/0! | F51: =A51 -> J6
A52: J8 | B52: =COUNTIFS('Envy Experience - Input'!$Q$8:$Q$27,'Envy Experience - Results'!A52,'Envy Experience - Input'!$I$8:$I$27,"OD",'Envy Experience - Input'!$U$8:$U$27,"Yes",'Envy Experience - Input'!$F$8:$F$27,"<>Aspire",'Envy Experience - Input'!$F$8:$F$27,"<>Aspire Toric") -> 0 | C52: =B52/$B$7 -> #DIV/0! | D52: =COUNTIFS('Envy Experience - Input'!$Q$8:$Q$27,'Envy Experience - Results'!A52,'Envy Experience - Input'!$I$8:$I$27,"OS",'Envy Experience - Input'!$U$8:$U$27,"Yes",'Envy Experience - Input'!$F$8:$F$27,"<>Aspire",'Envy Experience - Input'!$F$8:$F$27,"<>Aspire Toric") -> 0 | E52: =D52/$B$6 -> #DIV/0! | F52: =A52 -> J8
A53: J10 | B53: =COUNTIFS('Envy Experience - Input'!$Q$8:$Q$27,'Envy Experience - Results'!A53,'Envy Experience - Input'!$I$8:$I$27,"OD",'Envy Experience - Input'!$U$8:$U$27,"Yes",'Envy Experience - Input'!$F$8:$F$27,"<>Aspire",'Envy Experience - Input'!$F$8:$F$27,"<>Aspire Toric") -> 0 | C53: =B53/$B$7 -> #DIV/0! | D53: =COUNTIFS('Envy Experience - Input'!$Q$8:$Q$27,'Envy Experience - Results'!A53,'Envy Experience - Input'!$I$8:$I$27,"OS",'Envy Experience - Input'!$U$8:$U$27,"Yes",'Envy Experience - Input'!$F$8:$F$27,"<>Aspire",'Envy Experience - Input'!$F$8:$F$27,"<>Aspire Toric") -> 0 | E53: =D53/$B$6 -> #DIV/0! | F53: =A53 -> J10
B54: =SUM(B46:B53) -> 0 | C54: =SUM(C46:C53) -> #DIV/0! | D54: =SUM(D46:D53) -> 0 | E54: =SUM(E46:E53) -> #DIV/0!
A56: Both Eyes
A57: Measure | B57: BCDVA | C57: UCDVA | D57: UCIVA | E57: UCNVA
A58: 20/15 | B58: =COUNTIFS('Envy Experience - Input'!$N$29:$N$38,'Envy Experience - Results'!A58,'Envy Experience - Input'!$U$29:$U$38,"Yes",'Envy Experience - Input'!$F$29:$F$38,"=Aspire/Toric") -> 0 | C58: =COUNTIFS('Envy Experience - Input'!$O$29:$O$38,'Envy Experience - Results'!A58,'Envy Experience - Input'!$U$29:$U$38,"Yes",'Envy Experience - Input'!$F$29:$F$38,"=Aspire/Toric") -> 0 | D58: =COUNTIFS('Envy Experience - Input'!$P$29:$P$38,'Envy Experience - Results'!A58,'Envy Experience - Input'!$U$29:$U$38,"Yes",'Envy Experience - Input'!$F$29:$F$38,"=Aspire/Toric") -> 0 | E58: =COUNTIFS('Envy Experience - Input'!$Q$29:$Q$38,F58,'Envy Experience - Input'!$U$29:$U$38,"Yes",'Envy Experience - Input'!$F$29:$F$38,"=Aspire/Toric") -> 0 | F58: J1+
A59: 20/20 | B59: =COUNTIFS('Envy Experience - Input'!$N$29:$N$38,'Envy Experience - Results'!A59,'Envy Experience - Input'!$U$29:$U$38,"Yes",'Envy Experience - Input'!$F$29:$F$38,"=Aspire/Toric") -> 0 | C59: =COUNTIFS('Envy Experience - Input'!$O$29:$O$38,'Envy Experience - Results'!A59,'Envy Experience - Input'!$U$29:$U$38,"Yes",'Envy Experience - Input'!$F$29:$F$38,"=Aspire/Toric") -> 0 | D59: =COUNTIFS('Envy Experience - Input'!$P$29:$P$38,'Envy Experience - Results'!A59,'Envy Experience - Input'!$U$29:$U$38,"Yes",'Envy Experience - Input'!$F$29:$F$38,"=Aspire/Toric") -> 0 | E59: =COUNTIFS('Envy Experience - Input'!$Q$29:$Q$38,F59,'Envy Experience - Input'!$U$29:$U$38,"Yes",'Envy Experience - Input'!$F$29:$F$38,"=Aspire/Toric") -> 0 | F59: J1
A60: 20/25 | B60: =COUNTIFS('Envy Experience - Input'!$N$29:$N$38,'Envy Experience - Results'!A60,'Envy Experience - Input'!$U$29:$U$38,"Yes",'Envy Experience - Input'!$F$29:$F$38,"=Aspire/Toric") -> 0 | C60: =COUNTIFS('Envy Experience - Input'!$O$29:$O$38,'Envy Experience - Results'!A60,'Envy Experience - Input'!$U$29:$U$38,"Yes",'Envy Experience - Input'!$F$29:$F$38,"=Aspire/Toric") -> 0 | D60: =COUNTIFS('Envy Experience - Input'!$P$29:$P$38,'Envy Experience - Results'!A60,'Envy Experience - Input'!$U$29:$U$38,"Yes",'Envy Experience - Input'!$F$29:$F$38,"=Aspire/Toric") -> 0 | E60: =COUNTIFS('Envy Experience - Input'!$Q$29:$Q$38,F60,'Envy Experience - Input'!$U$29:$U$38,"Yes",'Envy Experience - Input'!$F$29:$F$38,"=Aspire/Toric") -> 0 | F60: J2
A61: 20/30 | B61: =COUNTIFS('Envy Experience - Input'!$N$29:$N$38,'Envy Experience - Results'!A61,'Envy Experience - Input'!$U$29:$U$38,"Yes",'Envy Experience - Input'!$F$29:$F$38,"=Aspire/Toric") -> 0 | C61: =COUNTIFS('Envy Experience - Input'!$O$29:$O$38,'Envy Experience - Results'!A61,'Envy Experience - Input'!$U$29:$U$38,"Yes",'Envy Experience - Input'!$F$29:$F$38,"=Aspire/Toric") -> 0 | D61: =COUNTIFS('Envy Experience - Input'!$P$29:$P$38,'Envy Experience - Results'!A61,'Envy Experience - Input'!$U$29:$U$38,"Yes",'Envy Experience - Input'!$F$29:$F$38,"=Aspire/Toric") -> 0 | E61: =COUNTIFS('Envy Experience - Input'!$Q$29:$Q$38,F61,'Envy Experience - Input'!$U$29:$U$38,"Yes",'Envy Experience - Input'!$F$29:$F$38,"=Aspire/Toric") -> 0 | F61: J3
A62: 20/40 | B62: =COUNTIFS('Envy Experience - Input'!$N$29:$N$38,'Envy Experience - Results'!A62,'Envy Experience - Input'!$U$29:$U$38,"Yes",'Envy Experience - Input'!$F$29:$F$38,"=Aspire/Toric") -> 0 | C62: =COUNTIFS('Envy Experience - Input'!$O$29:$O$38,'Envy Experience - Results'!A62,'Envy Experience - Input'!$U$29:$U$38,"Yes",'Envy Experience - Input'!$F$29:$F$38,"=Aspire/Toric") -> 0 | D62: =COUNTIFS('Envy Experience - Input'!$P$29:$P$38,'Envy Experience - Results'!A62,'Envy Experience - Input'!$U$29:$U$38,"Yes",'Envy Experience - Input'!$F$29:$F$38,"=Aspire/Toric") -> 0 | E62: =COUNTIFS('Envy Experience - Input'!$Q$29:$Q$38,F62,'Envy Experience - Input'!$U$29:$U$38,"Yes",'Envy Experience - Input'!$F$29:$F$38,"=Aspire/Toric") -> 0 | F62: J5
A63: 20/50 | B63: =COUNTIFS('Envy Experience - Input'!$N$29:$N$38,'Envy Experience - Results'!A63,'Envy Experience - Input'!$U$29:$U$38,"Yes",'Envy Experience - Input'!$F$29:$F$38,"=Aspire/Toric") -> 0 | C63: =COUNTIFS('Envy Experience - Input'!$O$29:$O$38,'Envy Experience - Results'!A63,'Envy Experience - Input'!$U$29:$U$38,"Yes",'Envy Experience - Input'!$F$29:$F$38,"=Aspire/Toric") -> 0 | D63: =COUNTIFS('Envy Experience - Input'!$P$29:$P$38,'Envy Experience - Results'!A63,'Envy Experience - Input'!$U$29:$U$38,"Yes",'Envy Experience - Input'!$F$29:$F$38,"=Aspire/Toric") -> 0 | E63: =COUNTIFS('Envy Experience - Input'!$Q$29:$Q$38,F63,'Envy Experience - Input'!$U$29:$U$38,"Yes",'Envy Experience - Input'!$F$29:$F$38,"=Aspire/Toric") -> 0 | F63: J6
A64: 20/60 | B64: =COUNTIFS('Envy Experience - Input'!$N$29:$N$38,'Envy Experience - Results'!A64,'Envy Experience - Input'!$U$29:$U$38,"Yes",'Envy Experience - Input'!$F$29:$F$38,"=Aspire/Toric") -> 0 | C64: =COUNTIFS('Envy Experience - Input'!$O$29:$O$38,'Envy Experience - Results'!A64,'Envy Experience - Input'!$U$29:$U$38,"Yes",'Envy Experience - Input'!$F$29:$F$38,"=Aspire/Toric") -> 0 | D64: =COUNTIFS('Envy Experience - Input'!$P$29:$P$38,'Envy Experience - Results'!A64,'Envy Experience - Input'!$U$29:$U$38,"Yes",'Envy Experience - Input'!$F$29:$F$38,"=Aspire/Toric") -> 0 | E64: =COUNTIFS('Envy Experience - Input'!$Q$29:$Q$38,F64,'Envy Experience - Input'!$U$29:$U$38,"Yes",'Envy Experience - Input'!$F$29:$F$38,"=Aspire/Toric") -> 0 | F64: J8
A65: 20/70 | B65: =COUNTIFS('Envy Experience - Input'!$N$29:$N$38,'Envy Experience - Results'!A65,'Envy Experience - Input'!$U$29:$U$38,"Yes",'Envy Experience - Input'!$F$29:$F$38,"=Aspire/Toric") -> 0 | C65: =COUNTIFS('Envy Experience - Input'!$O$29:$O$38,'Envy Experience - Results'!A65,'Envy Experience - Input'!$U$29:$U$38,"Yes",'Envy Experience - Input'!$F$29:$F$38,"=Aspire/Toric") -> 0 | D65: =COUNTIFS('Envy Experience - Input'!$P$29:$P$38,'Envy Experience - Results'!A65,'Envy Experience - Input'!$U$29:$U$38,"Yes",'Envy Experience - Input'!$F$29:$F$38,"=Aspire/Toric") -> 0 | E65: =COUNTIFS('Envy Experience - Input'!$Q$29:$Q$38,F65,'Envy Experience - Input'!$U$29:$U$38,"Yes",'Envy Experience - Input'!$F$29:$F$38,"=Aspire/Toric") -> 0 | F65: J10
B66: =COUNTIFS('Envy Experience - Input'!$N$29:$N$38,'Envy Experience - Results'!A66,'Envy Experience - Input'!$U$29:$U$38,"Yes",'Envy Experience - Input'!$F$29:$F$38,"=Aspire/Toric") -> 0 | C66: =COUNTIFS('Envy Experience - Input'!$O$29:$O$38,'Envy Experience - Results'!A66,'Envy Experience - Input'!$U$29:$U$38,"Yes",'Envy Experience - Input'!$F$29:$F$38,"=Aspire/Toric") -> 0 | D66: =COUNTIFS('Envy Experience - Input'!$P$29:$P$38,'Envy Experience - Results'!A66,'Envy Experience - Input'!$U$29:$U$38,"Yes",'Envy Experience - Input'!$F$29:$F$38,"=Aspire/Toric") -> 0 | E66: =COUNTIFS('Envy Experience - Input'!$Q$29:$Q$38,F66,'Envy Experience - Input'!$U$29:$U$38,"Yes",'Envy Experience - Input'!$F$29:$F$38,"=Aspire/Toric") -> 0
A70: BCDVA - Aspire
A71: Measure | B71: Right | C71: R % | D71: Left | E71: L%
A72: 20/15 | B72: =COUNTIFS('Envy Experience - Input'!$N$8:$N$27,'Envy Experience - Results'!A72,'Envy Experience - Input'!$I$8:$I$27,"OD",'Envy Experience - Input'!$U$8:$U$27,"Yes",'Envy Experience - Input'!$F$8:$F$27,"=Aspire")+COUNTIFS('Envy Experience - Input'!$N$8:$N$27,'Envy Experience - Results'!A72,'Envy Experience - Input'!$I$8:$I$27,"OD",'Envy Experience - Input'!$U$8:$U$27,"Yes",'Envy Experience - Input'!$F$8:$F$27,"=Aspire Toric") -> 0 | C72: =B72/$B$7 -> #DIV/0! | D72: =COUNTIFS('Envy Experience - Input'!$N$8:$N$27,'Envy Experience - Results'!A72,'Envy Experience - Input'!$I$8:$I$27,"OS",'Envy Experience - Input'!$U$8:$U$27,"Yes",'Envy Experience - Input'!$F$8:$F$27,"=Aspire")+COUNTIFS('Envy Experience - Input'!$N$8:$N$27,'Envy Experience - Results'!A72,'Envy Experience - Input'!$I$8:$I$27,"OS",'Envy Experience - Input'!$U$8:$U$27,"Yes",'Envy Experience - Input'!$F$8:$F$27,"=Aspire Toric") -> 0 | E72: =D72/$B$6 -> #DIV/0!
A73: 20/20 | B73: =COUNTIFS('Envy Experience - Input'!$N$8:$N$27,'Envy Experience - Results'!A73,'Envy Experience - Input'!$I$8:$I$27,"OD",'Envy Experience - Input'!$U$8:$U$27,"Yes",'Envy Experience - Input'!$F$8:$F$27,"=Aspire")+COUNTIFS('Envy Experience - Input'!$N$8:$N$27,'Envy Experience - Results'!A73,'Envy Experience - Input'!$I$8:$I$27,"OD",'Envy Experience - Input'!$U$8:$U$27,"Yes",'Envy Experience - Input'!$F$8:$F$27,"=Aspire Toric") -> 0 | C73: =B73/$B$7 -> #DIV/0! | D73: =COUNTIFS('Envy Experience - Input'!$N$8:$N$27,'Envy Experience - Results'!A73,'Envy Experience - Input'!$I$8:$I$27,"OS",'Envy Experience - Input'!$U$8:$U$27,"Yes",'Envy Experience - Input'!$F$8:$F$27,"=Aspire")+COUNTIFS('Envy Experience - Input'!$N$8:$N$27,'Envy Experience - Results'!A73,'Envy Experience - Input'!$I$8:$I$27,"OS",'Envy Experience - Input'!$U$8:$U$27,"Yes",'Envy Experience - Input'!$F$8:$F$27,"=Aspire Toric") -> 0 | E73: =D73/$B$6 -> #DIV/0!
A74: 20/25 | B74: =COUNTIFS('Envy Experience - Input'!$N$8:$N$27,'Envy Experience - Results'!A74,'Envy Experience - Input'!$I$8:$I$27,"OD",'Envy Experience - Input'!$U$8:$U$27,"Yes",'Envy Experience - Input'!$F$8:$F$27,"=Aspire")+COUNTIFS('Envy Experience - Input'!$N$8:$N$27,'Envy Experience - Results'!A74,'Envy Experience - Input'!$I$8:$I$27,"OD",'Envy Experience - Input'!$U$8:$U$27,"Yes",'Envy Experience - Input'!$F$8:$F$27,"=Aspire Toric") -> 0 | C74: =B74/$B$7 -> #DIV/0! | D74: =COUNTIFS('Envy Experience - Input'!$N$8:$N$27,'Envy Experience - Results'!A74,'Envy Experience - Input'!$I$8:$I$27,"OS",'Envy Experience - Input'!$U$8:$U$27,"Yes",'Envy Experience - Input'!$F$8:$F$27,"=Aspire")+COUNTIFS('Envy Experience - Input'!$N$8:$N$27,'Envy Experience - Results'!A74,'Envy Experience - Input'!$I$8:$I$27,"OS",'Envy Experience - Input'!$U$8:$U$27,"Yes",'Envy Experience - Input'!$F$8:$F$27,"=Aspire Toric") -> 0 | E74: =D74/$B$6 -> #DIV/0!
A75: 20/30 | B75: =COUNTIFS('Envy Experience - Input'!$N$8:$N$27,'Envy Experience - Results'!A75,'Envy Experience - Input'!$I$8:$I$27,"OD",'Envy Experience - Input'!$U$8:$U$27,"Yes",'Envy Experience - Input'!$F$8:$F$27,"=Aspire")+COUNTIFS('Envy Experience - Input'!$N$8:$N$27,'Envy Experience - Results'!A75,'Envy Experience - Input'!$I$8:$I$27,"OD",'Envy Experience - Input'!$U$8:$U$27,"Yes",'Envy Experience - Input'!$F$8:$F$27,"=Aspire Toric") -> 0 | C75: =B75/$B$7 -> #DIV/0! | D75: =COUNTIFS('Envy Experience - Input'!$N$8:$N$27,'Envy Experience - Results'!A75,'Envy Experience - Input'!$I$8:$I$27,"OS",'Envy Experience - Input'!$U$8:$U$27,"Yes",'Envy Experience - Input'!$F$8:$F$27,"=Aspire")+COUNTIFS('Envy Experience - Input'!$N$8:$N$27,'Envy Experience - Results'!A75,'Envy Experience - Input'!$I$8:$I$27,"OS",'Envy Experience - Input'!$U$8:$U$27,"Yes",'Envy Experience - Input'!$F$8:$F$27,"=Aspire Toric") -> 0 | E75: =D75/$B$6 -> #DIV/0!
A76: 20/40 | B76: =COUNTIFS('Envy Experience - Input'!$N$8:$N$27,'Envy Experience - Results'!A76,'Envy Experience - Input'!$I$8:$I$27,"OD",'Envy Experience - Input'!$U$8:$U$27,"Yes",'Envy Experience - Input'!$F$8:$F$27,"=Aspire")+COUNTIFS('Envy Experience - Input'!$N$8:$N$27,'Envy Experience - Results'!A76,'Envy Experience - Input'!$I$8:$I$27,"OD",'Envy Experience - Input'!$U$8:$U$27,"Yes",'Envy Experience - Input'!$F$8:$F$27,"=Aspire Toric") -> 0 | C76: =B76/$B$7 -> #DIV/0! | D76: =COUNTIFS('Envy Experience - Input'!$N$8:$N$27,'Envy Experience - Results'!A76,'Envy Experience - Input'!$I$8:$I$27,"OS",'Envy Experience - Input'!$U$8:$U$27,"Yes",'Envy Experience - Input'!$F$8:$F$27,"=Aspire")+COUNTIFS('Envy Experience - Input'!$N$8:$N$27,'Envy Experience - Results'!A76,'Envy Experience - Input'!$I$8:$I$27,"OS",'Envy Experience - Input'!$U$8:$U$27,"Yes",'Envy Experience - Input'!$F$8:$F$27,"=Aspire Toric") -> 0 | E76: =D76/$B$6 -> #DIV/0!
A77: 20/50 | B77: =COUNTIFS('Envy Experience - Input'!$N$8:$N$27,'Envy Experience - Results'!A77,'Envy Experience - Input'!$I$8:$I$27,"OD",'Envy Experience - Input'!$U$8:$U$27,"Yes",'Envy Experience - Input'!$F$8:$F$27,"=Aspire")+COUNTIFS('Envy Experience - Input'!$N$8:$N$27,'Envy Experience - Results'!A77,'Envy Experience - Input'!$I$8:$I$27,"OD",'Envy Experience - Input'!$U$8:$U$27,"Yes",'Envy Experience - Input'!$F$8:$F$27,"=Aspire Toric") -> 0 | C77: =B77/$B$7 -> #DIV/0! | D77: =COUNTIFS('Envy Experience - Input'!$N$8:$N$27,'Envy Experience - Results'!A77,'Envy Experience - Input'!$I$8:$I$27,"OS",'Envy Experience - Input'!$U$8:$U$27,"Yes",'Envy Experience - Input'!$F$8:$F$27,"=Aspire")+COUNTIFS('Envy Experience - Input'!$N$8:$N$27,'Envy Experience - Results'!A77,'Envy Experience - Input'!$I$8:$I$27,"OS",'Envy Experience - Input'!$U$8:$U$27,"Yes",'Envy Experience - Input'!$F$8:$F$27,"=Aspire Toric") -> 0 | E77: =D77/$B$6 -> #DIV/0!
A78: 20/60 | B78: =COUNTIFS('Envy Experience - Input'!$N$8:$N$27,'Envy Experience - Results'!A78,'Envy Experience - Input'!$I$8:$I$27,"OD",'Envy Experience - Input'!$U$8:$U$27,"Yes",'Envy Experience - Input'!$F$8:$F$27,"=Aspire")+COUNTIFS('Envy Experience - Input'!$N$8:$N$27,'Envy Experience - Results'!A78,'Envy Experience - Input'!$I$8:$I$27,"OD",'Envy Experience - Input'!$U$8:$U$27,"Yes",'Envy Experience - Input'!$F$8:$F$27,"=Aspire Toric") -> 0 | C78: =B78/$B$7 -> #DIV/0! | D78: =COUNTIFS('Envy Experience - Input'!$N$8:$N$27,'Envy Experience - Results'!A78,'Envy Experience - Input'!$I$8:$I$27,"OS",'Envy Experience - Input'!$U$8:$U$27,"Yes",'Envy Experience - Input'!$F$8:$F$27,"=Aspire")+COUNTIFS('Envy Experience - Input'!$N$8:$N$27,'Envy Experience - Results'!A78,'Envy Experience - Input'!$I$8:$I$27,"OS",'Envy Experience - Input'!$U$8:$U$27,"Yes",'Envy Experience - Input'!$F$8:$F$27,"=Aspire Toric") -> 0 | E78: =D78/$B$6 -> #DIV/0!
A79: 20/70 | B79: =COUNTIFS('Envy Experience - Input'!$N$8:$N$27,'Envy Experience - Results'!A79,'Envy Experience - Input'!$I$8:$I$27,"OD",'Envy Experience - Input'!$U$8:$U$27,"Yes",'Envy Experience - Input'!$F$8:$F$27,"=Aspire")+COUNTIFS('Envy Experience - Input'!$N$8:$N$27,'Envy Experience - Results'!A79,'Envy Experience - Input'!$I$8:$I$27,"OD",'Envy Experience - Input'!$U$8:$U$27,"Yes",'Envy Experience - Input'!$F$8:$F$27,"=Aspire Toric") -> 0 | C79: =B79/$B$7 -> #DIV/0! | D79: =COUNTIFS('Envy Experience - Input'!$N$8:$N$27,'Envy Experience - Results'!A79,'Envy Experience - Input'!$I$8:$I$27,"OS",'Envy Experience - Input'!$U$8:$U$27,"Yes",'Envy Experience - Input'!$F$8:$F$27,"=Aspire")+COUNTIFS('Envy Experience - Input'!$N$8:$N$27,'Envy Experience - Results'!A79,'Envy Experience - Input'!$I$8:$I$27,"OS",'Envy Experience - Input'!$U$8:$U$27,"Yes",'Envy Experience - Input'!$F$8:$F$27,"=Aspire Toric") -> 0 | E79: =D79/$B$6 -> #DIV/0!
B80: =SUM(B72:B79) -> 0 | C80: =SUM(C72:C79) -> #DIV/0! | D80: =SUM(D72:D79) -> 0 | E80: =SUM(E72:E79) -> #DIV/0!
A82: UCDVA
A83: Measure | B83: Right | C83: R % | D83: Left | E83: L%
A84: 20/15 | B84: =COUNTIFS('Envy Experience - Input'!$O$8:$O$27,'Envy Experience - Results'!A84,'Envy Experience - Input'!$I$8:$I$27,"OD",'Envy Experience - Input'!$U$8:$U$27,"Yes",'Envy Experience - Input'!$F$8:$F$27,"=Aspire")+COUNTIFS('Envy Experience - Input'!$O$8:$O$27,'Envy Experience - Results'!A84,'Envy Experience - Input'!$I$8:$I$27,"OD",'Envy Experience - Input'!$U$8:$U$27,"Yes",'Envy Experience - Input'!$F$8:$F$27,"=Aspire Toric") -> 0 | C84: =B84/$B$7 -> #DIV/0! | D84: =COUNTIFS('Envy Experience - Input'!$O$8:$O$27,'Envy Experience - Results'!A84,'Envy Experience - Input'!$I$8:$I$27,"OS",'Envy Experience - Input'!$U$8:$U$27,"Yes",'Envy Experience - Input'!$F$8:$F$27,"=Aspire")+COUNTIFS('Envy Experience - Input'!$O$8:$O$27,'Envy Experience - Results'!A84,'Envy Experience - Input'!$I$8:$I$27,"OS",'Envy Experience - Input'!$U$8:$U$27,"Yes",'Envy Experience - Input'!$F$8:$F$27,"=Aspire Toric") -> 0 | E84: =D84/$B$6 -> #DIV/0!
A85: 20/20 | B85: =COUNTIFS('Envy Experience - Input'!$O$8:$O$27,'Envy Experience - Results'!A85,'Envy Experience - Input'!$I$8:$I$27,"OD",'Envy Experience - Input'!$U$8:$U$27,"Yes",'Envy Experience - Input'!$F$8:$F$27,"=Aspire")+COUNTIFS('Envy Experience - Input'!$O$8:$O$27,'Envy Experience - Results'!A85,'Envy Experience - Input'!$I$8:$I$27,"OD",'Envy Experience - Input'!$U$8:$U$27,"Yes",'Envy Experience - Input'!$F$8:$F$27,"=Aspire Toric") -> 0 | C85: =B85/$B$7 -> #DIV/0! | D85: =COUNTIFS('Envy Experience - Input'!$O$8:$O$27,'Envy Experience - Results'!A85,'Envy Experience - Input'!$I$8:$I$27,"OS",'Envy Experience - Input'!$U$8:$U$27,"Yes",'Envy Experience - Input'!$F$8:$F$27,"=Aspire")+COUNTIFS('Envy Experience - Input'!$O$8:$O$27,'Envy Experience - Results'!A85,'Envy Experience - Input'!$I$8:$I$27,"OS",'Envy Experience - Input'!$U$8:$U$27,"Yes",'Envy Experience - Input'!$F$8:$F$27,"=Aspire Toric") -> 0 | E85: =D85/$B$6 -> #DIV/0!
A86: 20/25 | B86: =COUNTIFS('Envy Experience - Input'!$O$8:$O$27,'Envy Experience - Results'!A86,'Envy Experience - Input'!$I$8:$I$27,"OD",'Envy Experience - Input'!$U$8:$U$27,"Yes",'Envy Experience - Input'!$F$8:$F$27,"=Aspire")+COUNTIFS('Envy Experience - Input'!$O$8:$O$27,'Envy Experience - Results'!A86,'Envy Experience - Input'!$I$8:$I$27,"OD",'Envy Experience - Input'!$U$8:$U$27,"Yes",'Envy Experience - Input'!$F$8:$F$27,"=Aspire Toric") -> 0 | C86: =B86/$B$7 -> #DIV/0! | D86: =COUNTIFS('Envy Experience - Input'!$O$8:$O$27,'Envy Experience - Results'!A86,'Envy Experience - Input'!$I$8:$I$27,"OS",'Envy Experience - Input'!$U$8:$U$27,"Yes",'Envy Experience - Input'!$F$8:$F$27,"=Aspire")+COUNTIFS('Envy Experience - Input'!$O$8:$O$27,'Envy Experience - Results'!A86,'Envy Experience - Input'!$I$8:$I$27,"OS",'Envy Experience - Input'!$U$8:$U$27,"Yes",'Envy Experience - Input'!$F$8:$F$27,"=Aspire Toric") -> 0 | E86: =D86/$B$6 -> #DIV/0!
A87: 20/30 | B87: =COUNTIFS('Envy Experience - Input'!$O$8:$O$27,'Envy Experience - Results'!A87,'Envy Experience - Input'!$I$8:$I$27,"OD",'Envy Experience - Input'!$U$8:$U$27,"Yes",'Envy Experience - Input'!$F$8:$F$27,"=Aspire")+COUNTIFS('Envy Experience - Input'!$O$8:$O$27,'Envy Experience - Results'!A87,'Envy Experience - Input'!$I$8:$I$27,"OD",'Envy Experience - Input'!$U$8:$U$27,"Yes",'Envy Experience - Input'!$F$8:$F$27,"=Aspire Toric") -> 0 | C87: =B87/$B$7 -> #DIV/0! | D87: =COUNTIFS('Envy Experience - Input'!$O$8:$O$27,'Envy Experience - Results'!A87,'Envy Experience - Input'!$I$8:$I$27,"OS",'Envy Experience - Input'!$U$8:$U$27,"Yes",'Envy Experience - Input'!$F$8:$F$27,"=Aspire")+COUNTIFS('Envy Experience - Input'!$O$8:$O$27,'Envy Experience - Results'!A87,'Envy Experience - Input'!$I$8:$I$27,"OS",'Envy Experience - Input'!$U$8:$U$27,"Yes",'Envy Experience - Input'!$F$8:$F$27,"=Aspire Toric") -> 0 | E87: =D87/$B$6 -> #DIV/0!
A88: 20/40 | B88: =COUNTIFS('Envy Experience - Input'!$O$8:$O$27,'Envy Experience - Results'!A88,'Envy Experience - Input'!$I$8:$I$27,"OD",'Envy Experience - Input'!$U$8:$U$27,"Yes",'Envy Experience - Input'!$F$8:$F$27,"=Aspire")+COUNTIFS('Envy Experience - Input'!$O$8:$O$27,'Envy Experience - Results'!A88,'Envy Experience - Input'!$I$8:$I$27,"OD",'Envy Experience - Input'!$U$8:$U$27,"Yes",'Envy Experience - Input'!$F$8:$F$27,"=Aspire Toric") -> 0 | C88: =B88/$B$7 -> #DIV/0! | D88: =COUNTIFS('Envy Experience - Input'!$O$8:$O$27,'Envy Experience - Results'!A88,'Envy Experience - Input'!$I$8:$I$27,"OS",'Envy Experience - Input'!$U$8:$U$27,"Yes",'Envy Experience - Input'!$F$8:$F$27,"=Aspire")+COUNTIFS('Envy Experience - Input'!$O$8:$O$27,'Envy Experience - Results'!A88,'Envy Experience - Input'!$I$8:$I$27,"OS",'Envy Experience - Input'!$U$8:$U$27,"Yes",'Envy Experience - Input'!$F$8:$F$27,"=Aspire Toric") -> 0 | E88: =D88/$B$6 -> #DIV/0!
A89: 20/50 | B89: =COUNTIFS('Envy Experience - Input'!$O$8:$O$27,'Envy Experience - Results'!A89,'Envy Experience - Input'!$I$8:$I$27,"OD",'Envy Experience - Input'!$U$8:$U$27,"Yes",'Envy Experience - Input'!$F$8:$F$27,"=Aspire")+COUNTIFS('Envy Experience - Input'!$O$8:$O$27,'Envy Experience - Results'!A89,'Envy Experience - Input'!$I$8:$I$27,"OD",'Envy Experience - Input'!$U$8:$U$27,"Yes",'Envy Experience - Input'!$F$8:$F$27,"=Aspire Toric") -> 0 | C89: =B89/$B$7 -> #DIV/0! | D89: =COUNTIFS('Envy Experience - Input'!$O$8:$O$27,'Envy Experience - Results'!A89,'Envy Experience - Input'!$I$8:$I$27,"OS",'Envy Experience - Input'!$U$8:$U$27,"Yes",'Envy Experience - Input'!$F$8:$F$27,"=Aspire")+COUNTIFS('Envy Experience - Input'!$O$8:$O$27,'Envy Experience - Results'!A89,'Envy Experience - Input'!$I$8:$I$27,"OS",'Envy Experience - Input'!$U$8:$U$27,"Yes",'Envy Experience - Input'!$F$8:$F$27,"=Aspire Toric") -> 0 | E89: =D89/$B$6 -> #DIV/0!
A90: 20/60 | B90: =COUNTIFS('Envy Experience - Input'!$O$8:$O$27,'Envy Experience - Results'!A90,'Envy Experience - Input'!$I$8:$I$27,"OD",'Envy Experience - Input'!$U$8:$U$27,"Yes",'Envy Experience - Input'!$F$8:$F$27,"=Aspire")+COUNTIFS('Envy Experience - Input'!$O$8:$O$27,'Envy Experience - Results'!A90,'Envy Experience - Input'!$I$8:$I$27,"OD",'Envy Experience - Input'!$U$8:$U$27,"Yes",'Envy Experience - Input'!$F$8:$F$27,"=Aspire Toric") -> 0 | C90: =B90/$B$7 -> #DIV/0! | D90: =COUNTIFS('Envy Experience - Input'!$O$8:$O$27,'Envy Experience - Results'!A90,'Envy Experience - Input'!$I$8:$I$27,"OS",'Envy Experience - Input'!$U$8:$U$27,"Yes",'Envy Experience - Input'!$F$8:$F$27,"=Aspire")+COUNTIFS('Envy Experience - Input'!$O$8:$O$27,'Envy Experience - Results'!A90,'Envy Experience - Input'!$I$8:$I$27,"OS",'Envy Experience - Input'!$U$8:$U$27,"Yes",'Envy Experience - Input'!$F$8:$F$27,"=Aspire Toric") -> 0 | E90: =D90/$B$6 -> #DIV/0!
A91: 20/70 | B91: =COUNTIFS('Envy Experience - Input'!$O$8:$O$27,'Envy Experience - Results'!A91,'Envy Experience - Input'!$I$8:$I$27,"OD",'Envy Experience - Input'!$U$8:$U$27,"Yes",'Envy Experience - Input'!$F$8:$F$27,"=Aspire")+COUNTIFS('Envy Experience - Input'!$O$8:$O$27,'Envy Experience - Results'!A91,'Envy Experience - Input'!$I$8:$I$27,"OD",'Envy Experience - Input'!$U$8:$U$27,"Yes",'Envy Experience - Input'!$F$8:$F$27,"=Aspire Toric") -> 0 | C91: =B91/$B$7 -> #DIV/0! | D91: =COUNTIFS('Envy Experience - Input'!$O$8:$O$27,'Envy Experience - Results'!A91,'Envy Experience - Input'!$I$8:$I$27,"OS",'Envy Experience - Input'!$U$8:$U$27,"Yes",'Envy Experience - Input'!$F$8:$F$27,"=Aspire")+COUNTIFS('Envy Experience - Input'!$O$8:$O$27,'Envy Experience - Results'!A91,'Envy Experience - Input'!$I$8:$I$27,"OS",'Envy Experience - Input'!$U$8:$U$27,"Yes",'Envy Experience - Input'!$F$8:$F$27,"=Aspire Toric") -> 0 | E91: =D91/$B$6 -> #DIV/0!
B92: =SUM(B84:B91) -> 0 | C92: =SUM(C84:C91) -> #DIV/0! | D92: =SUM(D84:D91) -> 0 | E92: =SUM(E84:E91) -> #DIV/0!
A94: UCIVA
A95: Measure | B95: Right | C95: R % | D95: Left | E95: L%
A96: 20/15 | B96: =COUNTIFS('Envy Experience - Input'!$P$8:$P$27,'Envy Experience - Results'!A96,'Envy Experience - Input'!$I$8:$I$27,"OD",'Envy Experience - Input'!$U$8:$U$27,"Yes",'Envy Experience - Input'!$F$8:$F$27,"="&"Apthera IOL")+COUNTIFS('Envy Experience - Input'!$P$8:$P$27,'Envy Experience - Results'!A96,'Envy Experience - Input'!$I$8:$I$27,"OD",'Envy Experience - Input'!$U$8:$U$27,"Yes",'Envy Experience - Input'!$F$8:$F$27,"="&"Aspire Toric") -> 0 | C96: =B96/$B$7 -> #DIV/0! | D96: =COUNTIFS('Envy Experience - Input'!$P$8:$P$27,'Envy Experience - Results'!A96,'Envy Experience - Input'!$I$8:$I$27,"OS",'Envy Experience - Input'!$U$8:$U$27,"Yes",'Envy Experience - Input'!$F$8:$F$27,"="&"Aspire")+COUNTIFS('Envy Experience - Input'!$P$8:$P$27,'Envy Experience - Results'!A96,'Envy Experience - Input'!$I$8:$I$27,"OS",'Envy Experience - Input'!$U$8:$U$27,"Yes",'Envy Experience - Input'!$F$8:$F$27,"="&"Aspire Toric") -> 0 | E96: =D96/$B$6 -> #DIV/0!
A97: 20/20 | B97: =COUNTIFS('Envy Experience - Input'!$P$8:$P$27,'Envy Experience - Results'!A97,'Envy Experience - Input'!$I$8:$I$27,"OD",'Envy Experience - Input'!$U$8:$U$27,"Yes",'Envy Experience - Input'!$F$8:$F$27,"="&"Apthera IOL")+COUNTIFS('Envy Experience - Input'!$P$8:$P$27,'Envy Experience - Results'!A97,'Envy Experience - Input'!$I$8:$I$27,"OD",'Envy Experience - Input'!$U$8:$U$27,"Yes",'Envy Experience - Input'!$F$8:$F$27,"="&"Aspire Toric") -> 0 | C97: =B97/$B$7 -> #DIV/0! | D97: =COUNTIFS('Envy Experience - Input'!$P$8:$P$27,'Envy Experience - Results'!A97,'Envy Experience - Input'!$I$8:$I$27,"OS",'Envy Experience - Input'!$U$8:$U$27,"Yes",'Envy Experience - Input'!$F$8:$F$27,"="&"Aspire")+COUNTIFS('Envy Experience - Input'!$P$8:$P$27,'Envy Experience - Results'!A97,'Envy Experience - Input'!$I$8:$I$27,"OS",'Envy Experience - Input'!$U$8:$U$27,"Yes",'Envy Experience - Input'!$F$8:$F$27,"="&"Aspire Toric") -> 0 | E97: =D97/$B$6 -> #DIV/0!
A98: 20/25 | B98: =COUNTIFS('Envy Experience - Input'!$P$8:$P$27,'Envy Experience - Results'!A98,'Envy Experience - Input'!$I$8:$I$27,"OD",'Envy Experience - Input'!$U$8:$U$27,"Yes",'Envy Experience - Input'!$F$8:$F$27,"="&"Apthera IOL")+COUNTIFS('Envy Experience - Input'!$P$8:$P$27,'Envy Experience - Results'!A98,'Envy Experience - Input'!$I$8:$I$27,"OD",'Envy Experience - Input'!$U$8:$U$27,"Yes",'Envy Experience - Input'!$F$8:$F$27,"="&"Aspire Toric") -> 0 | C98: =B98/$B$7 -> #DIV/0! | D98: =COUNTIFS('Envy Experience - Input'!$P$8:$P$27,'Envy Experience - Results'!A98,'Envy Experience - Input'!$I$8:$I$27,"OS",'Envy Experience - Input'!$U$8:$U$27,"Yes",'Envy Experience - Input'!$F$8:$F$27,"="&"Aspire")+COUNTIFS('Envy Experience - Input'!$P$8:$P$27,'Envy Experience - Results'!A98,'Envy Experience - Input'!$I$8:$I$27,"OS",'Envy Experience - Input'!$U$8:$U$27,"Yes",'Envy Experience - Input'!$F$8:$F$27,"="&"Aspire Toric") -> 0 | E98: =D98/$B$6 -> #DIV/0!
A99: 20/30 | B99: =COUNTIFS('Envy Experience - Input'!$P$8:$P$27,'Envy Experience - Results'!A99,'Envy Experience - Input'!$I$8:$I$27,"OD",'Envy Experience - Input'!$U$8:$U$27,"Yes",'Envy Experience - Input'!$F$8:$F$27,"="&"Apthera IOL")+COUNTIFS('Envy Experience - Input'!$P$8:$P$27,'Envy Experience - Results'!A99,'Envy Experience - Input'!$I$8:$I$27,"OD",'Envy Experience - Input'!$U$8:$U$27,"Yes",'Envy Experience - Input'!$F$8:$F$27,"="&"Aspire Toric") -> 0 | C99: =B99/$B$7 -> #DIV/0! | D99: =COUNTIFS('Envy Experience - Input'!$P$8:$P$27,'Envy Experience - Results'!A99,'Envy Experience - Input'!$I$8:$I$27,"OS",'Envy Experience - Input'!$U$8:$U$27,"Yes",'Envy Experience - Input'!$F$8:$F$27,"="&"Aspire")+COUNTIFS('Envy Experience - Input'!$P$8:$P$27,'Envy Experience - Results'!A99,'Envy Experience - Input'!$I$8:$I$27,"OS",'Envy Experience - Input'!$U$8:$U$27,"Yes",'Envy Experience - Input'!$F$8:$F$27,"="&"Aspire Toric") -> 0 | E99: =D99/$B$6 -> #DIV/0!
A100: 20/40 | B100: =COUNTIFS('Envy Experience - Input'!$P$8:$P$27,'Envy Experience - Results'!A100,'Envy Experience - Input'!$I$8:$I$27,"OD",'Envy Experience - Input'!$U$8:$U$27,"Yes",'Envy Experience - Input'!$F$8:$F$27,"="&"Apthera IOL")+COUNTIFS('Envy Experience - Input'!$P$8:$P$27,'Envy Experience - Results'!A100,'Envy Experience - Input'!$I$8:$I$27,"OD",'Envy Experience - Input'!$U$8:$U$27,"Yes",'Envy Experience - Input'!$F$8:$F$27,"="&"Aspire Toric") -> 0 | C100: =B100/$B$7 -> #DIV/0! | D100: =COUNTIFS('Envy Experience - Input'!$P$8:$P$27,'Envy Experience - Results'!A100,'Envy Experience - Input'!$I$8:$I$27,"OS",'Envy Experience - Input'!$U$8:$U$27,"Yes",'Envy Experience - Input'!$F$8:$F$27,"="&"Aspire")+COUNTIFS('Envy Experience - Input'!$P$8:$P$27,'Envy Experience - Results'!A100,'Envy Experience - Input'!$I$8:$I$27,"OS",'Envy Experience - Input'!$U$8:$U$27,"Yes",'Envy Experience - Input'!$F$8:$F$27,"="&"Aspire Toric") -> 0 | E100: =D100/$B$6 -> #DIV/0!
A101: 20/50 | B101: =COUNTIFS('Envy Experience - Input'!$P$8:$P$27,'Envy Experience - Results'!A101,'Envy Experience - Input'!$I$8:$I$27,"OD",'Envy Experience - Input'!$U$8:$U$27,"Yes",'Envy Experience - Input'!$F$8:$F$27,"="&"Apthera IOL")+COUNTIFS('Envy Experience - Input'!$P$8:$P$27,'Envy Experience - Results'!A101,'Envy Experience - Input'!$I$8:$I$27,"OD",'Envy Experience - Input'!$U$8:$U$27,"Yes",'Envy Experience - Input'!$F$8:$F$27,"="&"Aspire Toric") -> 0 | C101: =B101/$B$7 -> #DIV/0! | D101: =COUNTIFS('Envy Experience - Input'!$P$8:$P$27,'Envy Experience - Results'!A101,'Envy Experience - Input'!$I$8:$I$27,"OS",'Envy Experience - Input'!$U$8:$U$27,"Yes",'Envy Experience - Input'!$F$8:$F$27,"="&"Aspire")+COUNTIFS('Envy Experience - Input'!$P$8:$P$27,'Envy Experience - Results'!A101,'Envy Experience - Input'!$I$8:$I$27,"OS",'Envy Experience - Input'!$U$8:$U$27,"Yes",'Envy Experience - Input'!$F$8:$F$27,"="&"Aspire Toric") -> 0 | E101: =D101/$B$6 -> #DIV/0!
A102: 20/60 | B102: =COUNTIFS('Envy Experience - Input'!$P$8:$P$27,'Envy Experience - Results'!A102,'Envy Experience - Input'!$I$8:$I$27,"OD",'Envy Experience - Input'!$U$8:$U$27,"Yes",'Envy Experience - Input'!$F$8:$F$27,"="&"Apthera IOL")+COUNTIFS('Envy Experience - Input'!$P$8:$P$27,'Envy Experience - Results'!A102,'Envy Experience - Input'!$I$8:$I$27,"OD",'Envy Experience - Input'!$U$8:$U$27,"Yes",'Envy Experience - Input'!$F$8:$F$27,"="&"Aspire Toric") -> 0 | C102: =B102/$B$7 -> #DIV/0! | D102: =COUNTIFS('Envy Experience - Input'!$P$8:$P$27,'Envy Experience - Results'!A102,'Envy Experience - Input'!$I$8:$I$27,"OS",'Envy Experience - Input'!$U$8:$U$27,"Yes",'Envy Experience - Input'!$F$8:$F$27,"="&"Aspire")+COUNTIFS('Envy Experience - Input'!$P$8:$P$27,'Envy Experience - Results'!A102,'Envy Experience - Input'!$I$8:$I$27,"OS",'Envy Experience - Input'!$U$8:$U$27,"Yes",'Envy Experience - Input'!$F$8:$F$27,"="&"Aspire Toric") -> 0 | E102: =D102/$B$6 -> #DIV/0!
A103: 20/70 | B103: =COUNTIFS('Envy Experience - Input'!$P$8:$P$27,'Envy Experience - Results'!A103,'Envy Experience - Input'!$I$8:$I$27,"OD",'Envy Experience - Input'!$U$8:$U$27,"Yes",'Envy Experience - Input'!$F$8:$F$27,"="&"Apthera IOL")+COUNTIFS('Envy Experience - Input'!$P$8:$P$27,'Envy Experience - Results'!A103,'Envy Experience - Input'!$I$8:$I$27,"OD",'Envy Experience - Input'!$U$8:$U$27,"Yes",'Envy Experience - Input'!$F$8:$F$27,"="&"Aspire Toric") -> 0 | C103: =B103/$B$7 -> #DIV/0! | D103: =COUNTIFS('Envy Experience - Input'!$P$8:$P$27,'Envy Experience - Results'!A103,'Envy Experience - Input'!$I$8:$I$27,"OS",'Envy Experience - Input'!$U$8:$U$27,"Yes",'Envy Experience - Input'!$F$8:$F$27,"="&"Aspire")+COUNTIFS('Envy Experience - Input'!$P$8:$P$27,'Envy Experience - Results'!A103,'Envy Experience - Input'!$I$8:$I$27,"OS",'Envy Experience - Input'!$U$8:$U$27,"Yes",'Envy Experience - Input'!$F$8:$F$27,"="&"Aspire Toric") -> 0 | E103: =D103/$B$6 -> #DIV/0!
B104: =SUM(B96:B103) -> 0 | C104: =SUM(C96:C103) -> #DIV/0! | D104: =SUM(D96:D103) -> 0 | E104: =SUM(E96:E103) -> #DIV/0!
A106: UCNVA
A107: Measure | B107: Right | C107: R % | D107: Left | E107: L%
A108: J1+ | B108: =COUNTIFS('Envy Experience - Input'!$Q$8:$Q$27,'Envy Experience - Results'!A108,'Envy Experience - Input'!$I$8:$I$27,"OD",'Envy Experience - Input'!$U$8:$U$27,"Yes",'Envy Experience - Input'!$F$8:$F$27,"="&"Aspire")+COUNTIFS('Envy Experience - Input'!$Q$8:$Q$27,'Envy Experience - Results'!A108,'Envy Experience - Input'!$I$8:$I$27,"OD",'Envy Experience - Input'!$U$8:$U$27,"Yes",'Envy Experience - Input'!$F$8:$F$27,"="&"Aspire Toric") -> 0 | C108: =B108/$B$7 -> #DIV/0! | D108: =COUNTIFS('Envy Experience - Input'!$Q$8:$Q$27,'Envy Experience - Results'!A108,'Envy Experience - Input'!$I$8:$I$27,"OS",'Envy Experience - Input'!$U$8:$U$27,"Yes",'Envy Experience - Input'!$F$8:$F$27,"="&"Aspire")+COUNTIFS('Envy Experience - Input'!$Q$8:$Q$27,'Envy Experience - Results'!A108,'Envy Experience - Input'!$I$8:$I$27,"OS",'Envy Experience - Input'!$U$8:$U$27,"Yes",'Envy Experience - Input'!$F$8:$F$27,"="&"Aspire Toric") -> 0 | E108: =D108/$B$6 -> #DIV/0! | F108: =A108 -> J1+
A109: J1 | B109: =COUNTIFS('Envy Experience - Input'!$Q$8:$Q$27,'Envy Experience - Results'!A109,'Envy Experience - Input'!$I$8:$I$27,"OD",'Envy Experience - Input'!$U$8:$U$27,"Yes",'Envy Experience - Input'!$F$8:$F$27,"="&"Aspire")+COUNTIFS('Envy Experience - Input'!$Q$8:$Q$27,'Envy Experience - Results'!A109,'Envy Experience - Input'!$I$8:$I$27,"OD",'Envy Experience - Input'!$U$8:$U$27,"Yes",'Envy Experience - Input'!$F$8:$F$27,"="&"Aspire Toric") -> 0 | C109: =B109/$B$7 -> #DIV/0! | D109: =COUNTIFS('Envy Experience - Input'!$Q$8:$Q$27,'Envy Experience - Results'!A109,'Envy Experience - Input'!$I$8:$I$27,"OS",'Envy Experience - Input'!$U$8:$U$27,"Yes",'Envy Experience - Input'!$F$8:$F$27,"="&"Aspire")+COUNTIFS('Envy Experience - Input'!$Q$8:$Q$27,'Envy Experience - Results'!A109,'Envy Experience - Input'!$I$8:$I$27,"OS",'Envy Experience - Input'!$U$8:$U$27,"Yes",'Envy Experience - Input'!$F$8:$F$27,"="&"Aspire Toric") -> 0 | E109: =D109/$B$6 -> #DIV/0! | F109: =A109 -> J1
...

Sheet Envy Experience Tracker 
A1: Demographics | C1: Postop week 1
A2: Preoperative | C2: Postop Month 1
A3: Operative | C3: Postop Month 3
C4: Postop Month 6
B5: Demographics | G5: Preoperative data | I5: Preoperative data | M5: Preoperative data | T5: Preoperative data | Y5: Operative data | AE5: Operative data | AI5: Operative data | AL5: Operative data | AO5: Postoperative week 1 | AS5: Postoperative week 1 | AW5: Postoperative week 1 | BA5: Postoperative week 1 | BE5: Postoperative week 1 | BJ5: Postoperative week 1 | BL5: Postoperative Month 1 | BO5: Postoperative Month 1 | BT5: Postoperative Month 1 | BW5: Postoperative Month 1 | BZ5: Postoperative Month 1 | CD5: Postoperative Month 1 | CF5: Postoperative Month 1 | CJ5: Postoperative Month 3 | CN5: Postoperative Month 3 | CT5: Postoperative Month 3 | CY5: Postoperative Month 3 | DD5: Postoperative Month 3 | DH5: Postoperative Month 6 | DL5: Postoperative Month 6 | DP5: Postoperative Month 6 | DT5: Postoperative Month 6 | DY5: Postoperative Month 6 | EB5: Postoperative Month 6
A6: Patient ID (Not to be shared) | B6: De-identified patient ID | C6: Age (years) | D6: Gender | E6: Race and ethnicity | F6: Concomitant Systemic disease | G6: Concomitant Ocular disease/Prior ocular surgery (If any) OD eye | H6: Concomitant Ocular disease/Prior ocular surgery (If any) OS eye | I6: Pre-Op Flat K OD eye | J6: Pre-Op Flat K axis OD eye | K6: Pre-Op Steep K OD eye | L6: Pre-Op Steep K axis OD eye | M6: Flat and Steep K Difference OD eye | N6: Pre-Op ALX OD eye | O6: Pre-Op ACD OD eye | P6: Pre-op LT OD eye | Q6: Pre-Op Flat K OS eye | R6: Pre-Op Flat K axis OS eye | S6: Pre-Op Steep K OS eye | T6: Pre-Op Steep K axis OS eye | U6: Flat and Steep K Difference OS eye | V6: Pre-Op ALX OS eye | W6: Pre-Op ACD OS eye | X6: Pre-op LT OS eye | Y6: Date of operative visit OD eye | Z6: IOL name OD eye | AA6: SEQ IOL Power OD eye | AD6: Toric IOL power if the implanted IOL is toric OD eye | AE6: SEQ target OD eye | AF6: Date of operative visit OS eye | AG6: IOL name OS eye | AH6: SEQ IOL Power OD eye | AI6: Toric IOL power if the implanted IOL is toric OS eye | AJ6: SEQ target OS eye | AK6: Intra-operative complications (If yes, please explain and mention the eye involved is OD/OS/both eyes) | AL6: Additional surgical procedures (If yes, please explain and mention if the procedure was done in OD/OS/both eyes) | AM6: Date of postop Week 1 visit | AN6: UDVA 20/denominator OD eye (please enter denominator only) | AO6: UDVA 20/denominator OS eye (please enter denominator only) | AP6: UDVA 20/denominator Binocular (please enter denominator only) | AQ6: CDVA 20/denominatorOD eye (please enter denominator only) | AR6: CDVA 20/denominator OS eye (please enter denominator only) | AS6: CDVA 20/denominator Binocular (please enter denominator only) | AT6: UIVA 20/denominator OD eye (please enter denominator only) | AU6: UIVA 20/denominator OS eye (please enter denominator only) | AV6: UIVA 20/denominator Binocular (please enter denominator only) | AW6: UNVA OD eye | AX6: UNVA OS eye | AY6: UNVA Binocular | AZ6: Manifest refraction sphere OD eye | BA6: Manifest refraction cylinder OD eye | BB6: Manifest refraction cylinder axis OD eye (Please enter numbers from 0 to 180 without a degree º sign) | BC6: Manifest refraction spherical equivalent OD eye | BD6: Manifest refraction sphere OS eye | BE6: Manifest refraction cylinder OS eye | BF6: Manifest refraction cylinder axis OD eye (Please enter numbers from 0 to 180 without a degree º sign) | BG6: Manifest refraction spherical equivalent OS eye | BH6: Adverse events (if yes, please list and mention the eye involved) | BI6: PCO (If yes, mention the eye and grade of PCO from 0-4) | BJ6: Glistenings (If yes, mention the eye in which it occurred and the grade of glistenings from 1-4) | BK6: Date of postop Month 1 visit | BL6: UDVA 20/denominator OD eye (please enter denominator only) | BM6: UDVA 20/denominator OS eye (please enter denominator only) | BN6: UDVA 20/denominator Binocular (please enter denominator only) | BO6: CDVA 20/denominatorOD eye (please enter denominator only) | BP6: CDVA 20/denominator OS eye (please enter denominator only) | BQ6: CDVA 20/denominator Binocular (please enter denominator only) | BR6: UIVA 20/denominator OD eye (please enter denominator only) | BS6: UIVA 20/denominator OS eye (please enter denominator only) | BT6: UIVA 20/denominator Binocular (please enter denominator only) | BU6: UNVA OD eye | BV6: UNVA OS eye | BW6: UNVA Binocular | BX6: Manifest refraction sphere OD eye | BY6: Manifest refraction cylinder OD eye | BZ6: Manifest refraction cylinder axis OD eye (Please enter numbers from 0 to 180 without a degree º sign) | CA6: Manifest refraction spherical equivalent OD eye | CB6: Manifest refraction sphere OS eye | CC6: Manifest refraction cylinder OS eye | CD6: Manifest refraction cylinder axis OD eye (Please enter numbers from 0 to 180 without a degree º sign) | CE6: Manifest refraction spherical equivalent OS eye | CF6: Adverse events (if yes, please list and mention the eye involved) | CG6: PCO (If yes, mention the eye and grade of PCO from 0-4) | CH6: Glistenings (If yes, mention the eye in which it occurred and the grade of glistenings from 1-4) | CI6: Date of postop Month 3 visit | CJ6: UDVA 20/denominator OD eye (please enter denominator only) | CK6: UDVA 20/denominator OS eye (please enter denominator only) | CL6: UDVA 20/denominator Binocular (please enter denominator only) | CM6: CDVA 20/denominator OD eye (please enter denominator only) | CN6: CDVA 20/denominator OS eye (please enter denominator only) | CO6: CDVA 20/denominator Binocular (please enter denominator only) | CP6: UIVA 20/denominator OD eye (please enter denominator only) | CQ6: UIVA 20/denominator OS eye (please enter denominator only) | CR6: UIVA 20/denominator Binocular (please enter denominator only) | CS6: UNVA OD eye | CT6: UNVA OS eye | CU6: UNVA Binocular | CV6: Manifest refraction sphere OD eye | CW6: Manifest refraction cylinder OD eye | CX6: Manifest refraction cylinder axis OD eye (Please enter numbers from 0 to 180 without a degree º sign) | CY6: Manifest refraction spherical equivalent OD eye | CZ6: Manifest refraction sphere OS eye | DA6: Manifest refraction cylinder OS eye | DB6: Manifest refraction cylinder axis OD eye (Please enter numbers from 0 to 180 without a degree º sign) | DC6: Manifest refraction spherical equivalent OS eye | DD6: Adverse events (if yes, please list and mention the eye involved) | DE6: PCO (If yes, mention the eye and grade of PCO from 0-4) | DF6: Glistenings (If yes, mention the eye in which it occurred and the grade of glistenings from 1-4) | DG6: Date of postop Month 6 visit | DH6: UDVA 20/denominator OD eye (please enter denominator only) | DI6: UDVA 20/denominator OS eye (please enter denominator only) | DJ6: UDVA 20/denominator Binocular (please enter denominator only) | DK6: CDVA 20/denominatorOD eye (please enter denominator only) | DL6: CDVA 20/denominator OS eye (please enter denominator only) | DM6: CDVA 20/denominator Binocular (please enter denominator only) | DN6: UIVA 20/denominator OD eye (please enter denominator only) | DO6: UIVA 20/denominator OS eye (please enter denominator only) | DP6: UIVA 20/denominator Binocular (please enter denominator only) | DQ6: UNVA OD eye | DR6: UNVA OS eye | DS6: UNVA Binocular | DT6: Manifest refraction sphere OD eye | DU6: Manifest refraction cylinder OD eye | DV6: Manifest refraction cylinder axis OD eye (Please enter numbers from 0 to 180 without a degree º sign) | DW6: Manifest refraction spherical equivalent OD eye | DX6: Manifest refraction sphere OS eye | DY6: Manifest refraction cylinder OS eye | DZ6: Manifest refraction cylinder axis OD eye (Please enter numbers from 0 to 180 without a degree º sign) | EA6: Manifest refraction spherical equivalent OS eye | EB6: Adverse events (if yes, please list and mention the eye involved) | EC6: PCO (If yes, mention the eye and grade of PCO from 0-4) | ED6: Glistenings (If yes, mention the eye in which it occurred and the grade of glistenings from 1-4) | EE6: Include Y/N This provides opportunity to remove outliers that would affect results, i.e. post refractive, corneal/retinal pathology or questionable outcomes noted when reviewing data
M8: =IF(OR(I8="",K8="")=TRUE,"",ABS(K8-I8)) | U8: =IF(OR(S8="",Q8="")=TRUE,"",ABS(S8-Q8)) | BC8: =IF(AND(Data4[[#This Row],[Refractive sphere OD eye]]="",Data4[[#This Row],[Refractive cylinder OD eye]]="")= TRUE,"",Data4[[#This Row],[Refractive sphere OD eye]]+(Data4[[#This Row],[Refractive cylinder OD eye]]/2)) | BG8: =IF(AND(Data4[[#This Row],[Refractive sphere OS eye]]="",Data4[[#This Row],[Refractive cylinder OS eye]]="")=TRUE,"",Data4[[#This Row],[Refractive sphere OS eye]]+(Data4[[#This Row],[Refractive cylinder OS eye]]/2)) | CA8: =IF(AND(Data4[[#This Row],[Refractive sphere OD eye14]]="",Data4[[#This Row],[Refractive cylinder OD eye15]]="")=TRUE,"",Data4[[#This Row],[Refractive sphere OD eye]]+(Data4[[#This Row],[Refractive cylinder OD eye]]/2)) | CE8: =IF(AND(Data4[[#This Row],[Refractive sphere OS eye18]]="",Data4[[#This Row],[Refractive cylinder OS eye19]]="")=TRUE,"",Data4[[#This Row],[Refractive sphere OS eye]]+(Data4[[#This Row],[Refractive cylinder OS eye]]/2)) | CY8: =IF(AND(Data4[[#This Row],[Refractive sphere OS eye19]]="",Data4[[#This Row],[Refractive cylinder OS eye20]]="")=TRUE,"",Data4[[#This Row],[Refractive sphere OD eye]]+(Data4[[#This Row],[Refractive cylinder OD eye]]/2)) | DC8: =IF(AND(Data4[[#This Row],[Refractive sphere OS eye19]]="",Data4[[#This Row],[Refractive cylinder OS eye20]]="")=TRUE,"",Data4[[#This Row],[Refractive sphere OS eye]]+(Data4[[#This Row],[Refractive cylinder OS eye]]/2)) | DW8: =IF(AND(Data4[[#This Row],[Refractive sphere OD eye1515]]="",Data4[[#This Row],[Refractive cylinder OD eye1616]]="")=TRUE,"",Data4[[#This Row],[Refractive sphere OD eye1515]]+(Data4[[#This Row],[Refractive cylinder OD eye1616]]/2)) | EA8: =IF(AND(Data4[[#This Row],[Refractive sphere OS eye1919]]="",Data4[[#This Row],[Refractive cylinder OS eye2020]]="")=TRUE,"",Data4[[#This Row],[Refractive sphere OS eye1919]]+(Data4[[#This Row],[Refractive cylinder OS eye2020]]/2))
M9: =IF(OR(I9="",K9="")=TRUE,"",ABS(K9-I9)) | U9: =IF(OR(S9="",Q9="")=TRUE,"",ABS(S9-Q9)) | BC9: =IF(AND(Data4[[#This Row],[Refractive sphere OD eye]]="",Data4[[#This Row],[Refractive cylinder OD eye]]="")= TRUE,"",Data4[[#This Row],[Refractive sphere OD eye]]+(Data4[[#This Row],[Refractive cylinder OD eye]]/2)) | BG9: =IF(AND(Data4[[#This Row],[Refractive sphere OS eye]]="",Data4[[#This Row],[Refractive cylinder OS eye]]="")=TRUE,"",Data4[[#This Row],[Refractive sphere OS eye]]+(Data4[[#This Row],[Refractive cylinder OS eye]]/2)) | CA9: =IF(AND(Data4[[#This Row],[Refractive sphere OD eye14]]="",Data4[[#This Row],[Refractive cylinder OD eye15]]="")=TRUE,"",Data4[[#This Row],[Refractive sphere OD eye]]+(Data4[[#This Row],[Refractive cylinder OD eye]]/2)) | CE9: =IF(AND(Data4[[#This Row],[Refractive sphere OS eye18]]="",Data4[[#This Row],[Refractive cylinder OS eye19]]="")=TRUE,"",Data4[[#This Row],[Refractive sphere OS eye]]+(Data4[[#This Row],[Refractive cylinder OS eye]]/2)) | CY9: =IF(AND(Data4[[#This Row],[Refractive sphere OS eye19]]="",Data4[[#This Row],[Refractive cylinder OS eye20]]="")=TRUE,"",Data4[[#This Row],[Refractive sphere OD eye]]+(Data4[[#This Row],[Refractive cylinder OD eye]]/2)) | DC9: =IF(AND(Data4[[#This Row],[Refractive sphere OS eye19]]="",Data4[[#This Row],[Refractive cylinder OS eye20]]="")=TRUE,"",Data4[[#This Row],[Refractive sphere OS eye]]+(Data4[[#This Row],[Refractive cylinder OS eye]]/2)) | DW9: =IF(AND(Data4[[#This Row],[Refractive sphere OD eye1515]]="",Data4[[#This Row],[Refractive cylinder OD eye1616]]="")=TRUE,"",Data4[[#This Row],[Refractive sphere OD eye1515]]+(Data4[[#This Row],[Refractive cylinder OD eye1616]]/2)) | EA9: =IF(AND(Data4[[#This Row],[Refractive sphere OS eye1919]]="",Data4[[#This Row],[Refractive cylinder OS eye2020]]="")=TRUE,"",Data4[[#This Row],[Refractive sphere OS eye1919]]+(Data4[[#This Row],[Refractive cylinder OS eye2020]]/2))
M10: =IF(OR(I10="",K10="")=TRUE,"",ABS(K10-I10)) | U10: =IF(OR(S10="",Q10="")=TRUE,"",ABS(S10-Q10)) | BC10: =IF(AND(Data4[[#This Row],[Refractive sphere OD eye]]="",Data4[[#This Row],[Refractive cylinder OD eye]]="")= TRUE,"",Data4[[#This Row],[Refractive sphere OD eye]]+(Data4[[#This Row],[Refractive cylinder OD eye]]/2)) | BG10: =IF(AND(Data4[[#This Row],[Refractive sphere OS eye]]="",Data4[[#This Row],[Refractive cylinder OS eye]]="")=TRUE,"",Data4[[#This Row],[Refractive sphere OS eye]]+(Data4[[#This Row],[Refractive cylinder OS eye]]/2)) | CA10: =IF(AND(Data4[[#This Row],[Refractive sphere OD eye14]]="",Data4[[#This Row],[Refractive cylinder OD eye15]]="")=TRUE,"",Data4[[#This Row],[Refractive sphere OD eye]]+(Data4[[#This Row],[Refractive cylinder OD eye]]/2)) | CE10: =IF(AND(Data4[[#This Row],[Refractive sphere OS eye18]]="",Data4[[#This Row],[Refractive cylinder OS eye19]]="")=TRUE,"",Data4[[#This Row],[Refractive sphere OS eye]]+(Data4[[#This Row],[Refractive cylinder OS eye]]/2)) | CY10: =IF(AND(Data4[[#This Row],[Refractive sphere OS eye19]]="",Data4[[#This Row],[Refractive cylinder OS eye20]]="")=TRUE,"",Data4[[#This Row],[Refractive sphere OD eye]]+(Data4[[#This Row],[Refractive cylinder OD eye]]/2)) | DC10: =IF(AND(Data4[[#This Row],[Refractive sphere OS eye19]]="",Data4[[#This Row],[Refractive cylinder OS eye20]]="")=TRUE,"",Data4[[#This Row],[Refractive sphere OS eye]]+(Data4[[#This Row],[Refractive cylinder OS eye]]/2)) | DW10: =IF(AND(Data4[[#This Row],[Refractive sphere OD eye1515]]="",Data4[[#This Row],[Refractive cylinder OD eye1616]]="")=TRUE,"",Data4[[#This Row],[Refractive sphere OD eye1515]]+(Data4[[#This Row],[Refractive cylinder OD eye1616]]/2)) | EA10: =IF(AND(Data4[[#This Row],[Refractive sphere OS eye1919]]="",Data4[[#This Row],[Refractive cylinder OS eye2020]]="")=TRUE,"",Data4[[#This Row],[Refractive sphere OS eye1919]]+(Data4[[#This Row],[Refractive cylinder OS eye2020]]/2))
M11: =IF(OR(I11="",K11="")=TRUE,"",ABS(K11-I11)) | U11: =IF(OR(S11="",Q11="")=TRUE,"",ABS(S11-Q11)) | BC11: =IF(AND(Data4[[#This Row],[Refractive sphere OD eye]]="",Data4[[#This Row],[Refractive cylinder OD eye]]="")= TRUE,"",Data4[[#This Row],[Refractive sphere OD eye]]+(Data4[[#This Row],[Refractive cylinder OD eye]]/2)) | BG11: =IF(AND(Data4[[#This Row],[Refractive sphere OS eye]]="",Data4[[#This Row],[Refractive cylinder OS eye]]="")=TRUE,"",Data4[[#This Row],[Refractive sphere OS eye]]+(Data4[[#This Row],[Refractive cylinder OS eye]]/2)) | CA11: =IF(AND(Data4[[#This Row],[Refractive sphere OD eye14]]="",Data4[[#This Row],[Refractive cylinder OD eye15]]="")=TRUE,"",Data4[[#This Row],[Refractive sphere OD eye]]+(Data4[[#This Row],[Refractive cylinder OD eye]]/2)) | CE11: =IF(AND(Data4[[#This Row],[Refractive sphere OS eye18]]="",Data4[[#This Row],[Refractive cylinder OS eye19]]="")=TRUE,"",Data4[[#This Row],[Refractive sphere OS eye]]+(Data4[[#This Row],[Refractive cylinder OS eye]]/2)) | CY11: =IF(AND(Data4[[#This Row],[Refractive sphere OS eye19]]="",Data4[[#This Row],[Refractive cylinder OS eye20]]="")=TRUE,"",Data4[[#This Row],[Refractive sphere OD eye]]+(Data4[[#This Row],[Refractive cylinder OD eye]]/2)) | DC11: =IF(AND(Data4[[#This Row],[Refractive sphere OS eye19]]="",Data4[[#This Row],[Refractive cylinder OS eye20]]="")=TRUE,"",Data4[[#This Row],[Refractive sphere OS eye]]+(Data4[[#This Row],[Refractive cylinder OS eye]]/2)) | DW11: =IF(AND(Data4[[#This Row],[Refractive sphere OD eye1515]]="",Data4[[#This Row],[Refractive cylinder OD eye1616]]="")=TRUE,"",Data4[[#This Row],[Refractive sphere OD eye1515]]+(Data4[[#This Row],[Refractive cylinder OD eye1616]]/2)) | EA11: =IF(AND(Data4[[#This Row],[Refractive sphere OS eye1919]]="",Data4[[#This Row],[Refractive cylinder OS eye2020]]="")=TRUE,"",Data4[[#This Row],[Refractive sphere OS eye1919]]+(Data4[[#This Row],[Refractive cylinder OS eye2020]]/2))
M12: =IF(OR(I12="",K12="")=TRUE,"",ABS(K12-I12)) | U12: =IF(OR(S12="",Q12="")=TRUE,"",ABS(S12-Q12)) | BC12: =IF(AND(Data4[[#This Row],[Refractive sphere OD eye]]="",Data4[[#This Row],[Refractive cylinder OD eye]]="")= TRUE,"",Data4[[#This Row],[Refractive sphere OD eye]]+(Data4[[#This Row],[Refractive cylinder OD eye]]/2)) | BG12: =IF(AND(Data4[[#This Row],[Refractive sphere OS eye]]="",Data4[[#This Row],[Refractive cylinder OS eye]]="")=TRUE,"",Data4[[#This Row],[Refractive sphere OS eye]]+(Data4[[#This Row],[Refractive cylinder OS eye]]/2)) | CA12: =IF(AND(Data4[[#This Row],[Refractive sphere OD eye14]]="",Data4[[#This Row],[Refractive cylinder OD eye15]]="")=TRUE,"",Data4[[#This Row],[Refractive sphere OD eye]]+(Data4[[#This Row],[Refractive cylinder OD eye]]/2)) | CE12: =IF(AND(Data4[[#This Row],[Refractive sphere OS eye18]]="",Data4[[#This Row],[Refractive cylinder OS eye19]]="")=TRUE,"",Data4[[#This Row],[Refractive sphere OS eye]]+(Data4[[#This Row],[Refractive cylinder OS eye]]/2)) | CY12: =IF(AND(Data4[[#This Row],[Refractive sphere OS eye19]]="",Data4[[#This Row],[Refractive cylinder OS eye20]]="")=TRUE,"",Data4[[#This Row],[Refractive sphere OD eye]]+(Data4[[#This Row],[Refractive cylinder OD eye]]/2)) | DC12: =IF(AND(Data4[[#This Row],[Refractive sphere OS eye19]]="",Data4[[#This Row],[Refractive cylinder OS eye20]]="")=TRUE,"",Data4[[#This Row],[Refractive sphere OS eye]]+(Data4[[#This Row],[Refractive cylinder OS eye]]/2)) | DW12: =IF(AND(Data4[[#This Row],[Refractive sphere OD eye1515]]="",Data4[[#This Row],[Refractive cylinder OD eye1616]]="")=TRUE,"",Data4[[#This Row],[Refractive sphere OD eye1515]]+(Data4[[#This Row],[Refractive cylinder OD eye1616]]/2)) | EA12: =IF(AND(Data4[[#This Row],[Refractive sphere OS eye1919]]="",Data4[[#This Row],[Refractive cylinder OS eye2020]]="")=TRUE,"",Data4[[#This Row],[Refractive sphere OS eye1919]]+(Data4[[#This Row],[Refractive cylinder OS eye2020]]/2))
M13: =IF(OR(I13="",K13="")=TRUE,"",ABS(K13-I13)) | U13: =IF(OR(S13="",Q13="")=TRUE,"",ABS(S13-Q13)) | BC13: =IF(AND(Data4[[#This Row],[Refractive sphere OD eye]]="",Data4[[#This Row],[Refractive cylinder OD eye]]="")= TRUE,"",Data4[[#This Row],[Refractive sphere OD eye]]+(Data4[[#This Row],[Refractive cylinder OD eye]]/2)) | BG13: =IF(AND(Data4[[#This Row],[Refractive sphere OS eye]]="",Data4[[#This Row],[Refractive cylinder OS eye]]="")=TRUE,"",Data4[[#This Row],[Refractive sphere OS eye]]+(Data4[[#This Row],[Refractive cylinder OS eye]]/2)) | CA13: =IF(AND(Data4[[#This Row],[Refractive sphere OD eye14]]="",Data4[[#This Row],[Refractive cylinder OD eye15]]="")=TRUE,"",Data4[[#This Row],[Refractive sphere OD eye]]+(Data4[[#This Row],[Refractive cylinder OD eye]]/2)) | CE13: =IF(AND(Data4[[#This Row],[Refractive sphere OS eye18]]="",Data4[[#This Row],[Refractive cylinder OS eye19]]="")=TRUE,"",Data4[[#This Row],[Refractive sphere OS eye]]+(Data4[[#This Row],[Refractive cylinder OS eye]]/2)) | CY13: =IF(AND(Data4[[#This Row],[Refractive sphere OS eye19]]="",Data4[[#This Row],[Refractive cylinder OS eye20]]="")=TRUE,"",Data4[[#This Row],[Refractive sphere OD eye]]+(Data4[[#This Row],[Refractive cylinder OD eye]]/2)) | DC13: =IF(AND(Data4[[#This Row],[Refractive sphere OS eye19]]="",Data4[[#This Row],[Refractive cylinder OS eye20]]="")=TRUE,"",Data4[[#This Row],[Refractive sphere OS eye]]+(Data4[[#This Row],[Refractive cylinder OS eye]]/2)) | DW13: =IF(AND(Data4[[#This Row],[Refractive sphere OD eye1515]]="",Data4[[#This Row],[Refractive cylinder OD eye1616]]="")=TRUE,"",Data4[[#This Row],[Refractive sphere OD eye1515]]+(Data4[[#This Row],[Refractive cylinder OD eye1616]]/2)) | EA13: =IF(AND(Data4[[#This Row],[Refractive sphere OS eye1919]]="",Data4[[#This Row],[Refractive cylinder OS eye2020]]="")=TRUE,"",Data4[[#This Row],[Refractive sphere OS eye1919]]+(Data4[[#This Row],[Refractive cylinder OS eye2020]]/2))
M14: =IF(OR(I14="",K14="")=TRUE,"",ABS(K14-I14)) | U14: =IF(OR(S14="",Q14="")=TRUE,"",ABS(S14-Q14)) | BC14: =IF(AND(Data4[[#This Row],[Refractive sphere OD eye]]="",Data4[[#This Row],[Refractive cylinder OD eye]]="")= TRUE,"",Data4[[#This Row],[Refractive sphere OD eye]]+(Data4[[#This Row],[Refractive cylinder OD eye]]/2)) | BG14: =IF(AND(Data4[[#This Row],[Refractive sphere OS eye]]="",Data4[[#This Row],[Refractive cylinder OS eye]]="")=TRUE,"",Data4[[#This Row],[Refractive sphere OS eye]]+(Data4[[#This Row],[Refractive cylinder OS eye]]/2)) | CA14: =IF(AND(Data4[[#This Row],[Refractive sphere OD eye14]]="",Data4[[#This Row],[Refractive cylinder OD eye15]]="")=TRUE,"",Data4[[#This Row],[Refractive sphere OD eye]]+(Data4[[#This Row],[Refractive cylinder OD eye]]/2)) | CE14: =IF(AND(Data4[[#This Row],[Refractive sphere OS eye18]]="",Data4[[#This Row],[Refractive cylinder OS eye19]]="")=TRUE,"",Data4[[#This Row],[Refractive sphere OS eye]]+(Data4[[#This Row],[Refractive cylinder OS eye]]/2)) | CY14: =IF(AND(Data4[[#This Row],[Refractive sphere OS eye19]]="",Data4[[#This Row],[Refractive cylinder OS eye20]]="")=TRUE,"",Data4[[#This Row],[Refractive sphere OD eye]]+(Data4[[#This Row],[Refractive cylinder OD eye]]/2)) | DC14: =IF(AND(Data4[[#This Row],[Refractive sphere OS eye19]]="",Data4[[#This Row],[Refractive cylinder OS eye20]]="")=TRUE,"",Data4[[#This Row],[Refractive sphere OS eye]]+(Data4[[#This Row],[Refractive cylinder OS eye]]/2)) | DW14: =IF(AND(Data4[[#This Row],[Refractive sphere OD eye1515]]="",Data4[[#This Row],[Refractive cylinder OD eye1616]]="")=TRUE,"",Data4[[#This Row],[Refractive sphere OD eye1515]]+(Data4[[#This Row],[Refractive cylinder OD eye1616]]/2)) | EA14: =IF(AND(Data4[[#This Row],[Refractive sphere OS eye1919]]="",Data4[[#This Row],[Refractive cylinder OS eye2020]]="")=TRUE,"",Data4[[#This Row],[Refractive sphere OS eye1919]]+(Data4[[#This Row],[Refractive cylinder OS eye2020]]/2))
M15: =IF(OR(I15="",K15="")=TRUE,"",ABS(K15-I15)) | U15: =IF(OR(S15="",Q15="")=TRUE,"",ABS(S15-Q15)) | BC15: =IF(AND(Data4[[#This Row],[Refractive sphere OD eye]]="",Data4[[#This Row],[Refractive cylinder OD eye]]="")= TRUE,"",Data4[[#This Row],[Refractive sphere OD eye]]+(Data4[[#This Row],[Refractive cylinder OD eye]]/2)) | BG15: =IF(AND(Data4[[#This Row],[Refractive sphere OS eye]]="",Data4[[#This Row],[Refractive cylinder OS eye]]="")=TRUE,"",Data4[[#This Row],[Refractive sphere OS eye]]+(Data4[[#This Row],[Refractive cylinder OS eye]]/2)) | CA15: =IF(AND(Data4[[#This Row],[Refractive sphere OD eye14]]="",Data4[[#This Row],[Refractive cylinder OD eye15]]="")=TRUE,"",Data4[[#This Row],[Refractive sphere OD eye]]+(Data4[[#This Row],[Refractive cylinder OD eye]]/2)) | CE15: =IF(AND(Data4[[#This Row],[Refractive sphere OS eye18]]="",Data4[[#This Row],[Refractive cylinder OS eye19]]="")=TRUE,"",Data4[[#This Row],[Refractive sphere OS eye]]+(Data4[[#This Row],[Refractive cylinder OS eye]]/2)) | CY15: =IF(AND(Data4[[#This Row],[Refractive sphere OS eye19]]="",Data4[[#This Row],[Refractive cylinder OS eye20]]="")=TRUE,"",Data4[[#This Row],[Refractive sphere OD eye]]+(Data4[[#This Row],[Refractive cylinder OD eye]]/2)) | DC15: =IF(AND(Data4[[#This Row],[Refractive sphere OS eye19]]="",Data4[[#This Row],[Refractive cylinder OS eye20]]="")=TRUE,"",Data4[[#This Row],[Refractive sphere OS eye]]+(Data4[[#This Row],[Refractive cylinder OS eye]]/2)) | DW15: =IF(AND(Data4[[#This Row],[Refractive sphere OD eye1515]]="",Data4[[#This Row],[Refractive cylinder OD eye1616]]="")=TRUE,"",Data4[[#This Row],[Refractive sphere OD eye1515]]+(Data4[[#This Row],[Refractive cylinder OD eye1616]]/2)) | EA15: =IF(AND(Data4[[#This Row],[Refractive sphere OS eye1919]]="",Data4[[#This Row],[Refractive cylinder OS eye2020]]="")=TRUE,"",Data4[[#This Row],[Refractive sphere OS eye1919]]+(Data4[[#This Row],[Refractive cylinder OS eye2020]]/2))
M16: =IF(OR(I16="",K16="")=TRUE,"",ABS(K16-I16)) | U16: =IF(OR(S16="",Q16="")=TRUE,"",ABS(S16-Q16)) | BC16: =IF(AND(Data4[[#This Row],[Refractive sphere OD eye]]="",Data4[[#This Row],[Refractive cylinder OD eye]]="")= TRUE,"",Data4[[#This Row],[Refractive sphere OD eye]]+(Data4[[#This Row],[Refractive cylinder OD eye]]/2)) | BG16: =IF(AND(Data4[[#This Row],[Refractive sphere OS eye]]="",Data4[[#This Row],[Refractive cylinder OS eye]]="")=TRUE,"",Data4[[#This Row],[Refractive sphere OS eye]]+(Data4[[#This Row],[Refractive cylinder OS eye]]/2)) | CA16: =IF(AND(Data4[[#This Row],[Refractive sphere OD eye14]]="",Data4[[#This Row],[Refractive cylinder OD eye15]]="")=TRUE,"",Data4[[#This Row],[Refractive sphere OD eye]]+(Data4[[#This Row],[Refractive cylinder OD eye]]/2)) | CE16: =IF(AND(Data4[[#This Row],[Refractive sphere OS eye18]]="",Data4[[#This Row],[Refractive cylinder OS eye19]]="")=TRUE,"",Data4[[#This Row],[Refractive sphere OS eye]]+(Data4[[#This Row],[Refractive cylinder OS eye]]/2)) | CY16: =IF(AND(Data4[[#This Row],[Refractive sphere OS eye19]]="",Data4[[#This Row],[Refractive cylinder OS eye20]]="")=TRUE,"",Data4[[#This Row],[Refractive sphere OD eye]]+(Data4[[#This Row],[Refractive cylinder OD eye]]/2)) | DC16: =IF(AND(Data4[[#This Row],[Refractive sphere OS eye19]]="",Data4[[#This Row],[Refractive cylinder OS eye20]]="")=TRUE,"",Data4[[#This Row],[Refractive sphere OS eye]]+(Data4[[#This Row],[Refractive cylinder OS eye]]/2)) | DW16: =IF(AND(Data4[[#This Row],[Refractive sphere OD eye1515]]="",Data4[[#This Row],[Refractive cylinder OD eye1616]]="")=TRUE,"",Data4[[#This Row],[Refractive sphere OD eye1515]]+(Data4[[#This Row],[Refractive cylinder OD eye1616]]/2)) | EA16: =IF(AND(Data4[[#This Row],[Refractive sphere OS eye1919]]="",Data4[[#This Row],[Refractive cylinder OS eye2020]]="")=TRUE,"",Data4[[#This Row],[Refractive sphere OS eye1919]]+(Data4[[#This Row],[Refractive cylinder OS eye2020]]/2))
M17: =IF(OR(I17="",K17="")=TRUE,"",ABS(K17-I17)) | U17: =IF(OR(S17="",Q17="")=TRUE,"",ABS(S17-Q17)) | BC17: =IF(AND(Data4[[#This Row],[Refractive sphere OD eye]]="",Data4[[#This Row],[Refractive cylinder OD eye]]="")= TRUE,"",Data4[[#This Row],[Refractive sphere OD eye]]+(Data4[[#This Row],[Refractive cylinder OD eye]]/2)) | BG17: =IF(AND(Data4[[#This Row],[Refractive sphere OS eye]]="",Data4[[#This Row],[Refractive cylinder OS eye]]="")=TRUE,"",Data4[[#This Row],[Refractive sphere OS eye]]+(Data4[[#This Row],[Refractive cylinder OS eye]]/2)) | CA17: =IF(AND(Data4[[#This Row],[Refractive sphere OD eye14]]="",Data4[[#This Row],[Refractive cylinder OD eye15]]="")=TRUE,"",Data4[[#This Row],[Refractive sphere OD eye]]+(Data4[[#This Row],[Refractive cylinder OD eye]]/2)) | CE17: =IF(AND(Data4[[#This Row],[Refractive sphere OS eye18]]="",Data4[[#This Row],[Refractive cylinder OS eye19]]="")=TRUE,"",Data4[[#This Row],[Refractive sphere OS eye]]+(Data4[[#This Row],[Refractive cylinder OS eye]]/2)) | CY17: =IF(AND(Data4[[#This Row],[Refractive sphere OS eye19]]="",Data4[[#This Row],[Refractive cylinder OS eye20]]="")=TRUE,"",Data4[[#This Row],[Refractive sphere OD eye]]+(Data4[[#This Row],[Refractive cylinder OD eye]]/2)) | DC17: =IF(AND(Data4[[#This Row],[Refractive sphere OS eye19]]="",Data4[[#This Row],[Refractive cylinder OS eye20]]="")=TRUE,"",Data4[[#This Row],[Refractive sphere OS eye]]+(Data4[[#This Row],[Refractive cylinder OS eye]]/2)) | DW17: =IF(AND(Data4[[#This Row],[Refractive sphere OD eye1515]]="",Data4[[#This Row],[Refractive cylinder OD eye1616]]="")=TRUE,"",Data4[[#This Row],[Refractive sphere OD eye1515]]+(Data4[[#This Row],[Refractive cylinder OD eye1616]]/2)) | EA17: =IF(AND(Data4[[#This Row],[Refractive sphere OS eye1919]]="",Data4[[#This Row],[Refractive cylinder OS eye2020]]="")=TRUE,"",Data4[[#This Row],[Refractive sphere OS eye1919]]+(Data4[[#This Row],[Refractive cylinder OS eye2020]]/2))
M18: =IF(OR(I18="",K18="")=TRUE,"",ABS(K18-I18)) | U18: =IF(OR(S18="",Q18="")=TRUE,"",ABS(S18-Q18)) | BC18: =IF(AND(Data4[[#This Row],[Refractive sphere OD eye]]="",Data4[[#This Row],[Refractive cylinder OD eye]]="")= TRUE,"",Data4[[#This Row],[Refractive sphere OD eye]]+(Data4[[#This Row],[Refractive cylinder OD eye]]/2)) | BG18: =IF(AND(Data4[[#This Row],[Refractive sphere OS eye]]="",Data4[[#This Row],[Refractive cylinder OS eye]]="")=TRUE,"",Data4[[#This Row],[Refractive sphere OS eye]]+(Data4[[#This Row],[Refractive cylinder OS eye]]/2)) | CA18: =IF(AND(Data4[[#This Row],[Refractive sphere OD eye14]]="",Data4[[#This Row],[Refractive cylinder OD eye15]]="")=TRUE,"",Data4[[#This Row],[Refractive sphere OD eye]]+(Data4[[#This Row],[Refractive cylinder OD eye]]/2)) | CE18: =IF(AND(Data4[[#This Row],[Refractive sphere OS eye18]]="",Data4[[#This Row],[Refractive cylinder OS eye19]]="")=TRUE,"",Data4[[#This Row],[Refractive sphere OS eye]]+(Data4[[#This Row],[Refractive cylinder OS eye]]/2)) | CY18: =IF(AND(Data4[[#This Row],[Refractive sphere OS eye19]]="",Data4[[#This Row],[Refractive cylinder OS eye20]]="")=TRUE,"",Data4[[#This Row],[Refractive sphere OD eye]]+(Data4[[#This Row],[Refractive cylinder OD eye]]/2)) | DC18: =IF(AND(Data4[[#This Row],[Refractive sphere OS eye19]]="",Data4[[#This Row],[Refractive cylinder OS eye20]]="")=TRUE,"",Data4[[#This Row],[Refractive sphere OS eye]]+(Data4[[#This Row],[Refractive cylinder OS eye]]/2)) | DW18: =IF(AND(Data4[[#This Row],[Refractive sphere OD eye1515]]="",Data4[[#This Row],[Refractive cylinder OD eye1616]]="")=TRUE,"",Data4[[#This Row],[Refractive sphere OD eye1515]]+(Data4[[#This Row],[Refractive cylinder OD eye1616]]/2)) | EA18: =IF(AND(Data4[[#This Row],[Refractive sphere OS eye1919]]="",Data4[[#This Row],[Refractive cylinder OS eye2020]]="")=TRUE,"",Data4[[#This Row],[Refractive sphere OS eye1919]]+(Data4[[#This Row],[Refractive cylinder OS eye2020]]/2))
M19: =IF(OR(I19="",K19="")=TRUE,"",ABS(K19-I19)) | U19: =IF(OR(S19="",Q19="")=TRUE,"",ABS(S19-Q19)) | BC19: =IF(AND(Data4[[#This Row],[Refractive sphere OD eye]]="",Data4[[#This Row],[Refractive cylinder OD eye]]="")= TRUE,"",Data4[[#This Row],[Refractive sphere OD eye]]+(Data4[[#This Row],[Refractive cylinder OD eye]]/2)) | BG19: =IF(AND(Data4[[#This Row],[Refractive sphere OS eye]]="",Data4[[#This Row],[Refractive cylinder OS eye]]="")=TRUE,"",Data4[[#This Row],[Refractive sphere OS eye]]+(Data4[[#This Row],[Refractive cylinder OS eye]]/2)) | CA19: =IF(AND(Data4[[#This Row],[Refractive sphere OD eye14]]="",Data4[[#This Row],[Refractive cylinder OD eye15]]="")=TRUE,"",Data4[[#This Row],[Refractive sphere OD eye]]+(Data4[[#This Row],[Refractive cylinder OD eye]]/2)) | CE19: =IF(AND(Data4[[#This Row],[Refractive sphere OS eye18]]="",Data4[[#This Row],[Refractive cylinder OS eye19]]="")=TRUE,"",Data4[[#This Row],[Refractive sphere OS eye]]+(Data4[[#This Row],[Refractive cylinder OS eye]]/2)) | CY19: =IF(AND(Data4[[#This Row],[Refractive sphere OS eye19]]="",Data4[[#This Row],[Refractive cylinder OS eye20]]="")=TRUE,"",Data4[[#This Row],[Refractive sphere OD eye]]+(Data4[[#This Row],[Refractive cylinder OD eye]]/2)) | DC19: =IF(AND(Data4[[#This Row],[Refractive sphere OS eye19]]="",Data4[[#This Row],[Refractive cylinder OS eye20]]="")=TRUE,"",Data4[[#This Row],[Refractive sphere OS eye]]+(Data4[[#This Row],[Refractive cylinder OS eye]]/2)) | DW19: =IF(AND(Data4[[#This Row],[Refractive sphere OD eye1515]]="",Data4[[#This Row],[Refractive cylinder OD eye1616]]="")=TRUE,"",Data4[[#This Row],[Refractive sphere OD eye1515]]+(Data4[[#This Row],[Refractive cylinder OD eye1616]]/2)) | EA19: =IF(AND(Data4[[#This Row],[Refractive sphere OS eye1919]]="",Data4[[#This Row],[Refractive cylinder OS eye2020]]="")=TRUE,"",Data4[[#This Row],[Refractive sphere OS eye1919]]+(Data4[[#This Row],[Refractive cylinder OS eye2020]]/2))
... M37: =IF(OR(I37="",K37="")=TRUE,"",ABS(K37-I37)) | U37: =IF(OR(S37="",Q37="")=TRUE,"",ABS(S37-Q37)) | BC37: =IF(AND(Data4[[#This Row],[Refractive sphere OD eye]]="",Data4[[#This Row],[Refractive cylinder OD eye]]="")= TRUE,"",Data4[[#This Row],[Refractive sphere OD eye]]+(Data4[[#This Row],[Refractive cylinder OD eye]]/2)) | BG37: =IF(AND(Data4[[#This Row],[Refractive sphere OS eye]]="",Data4[[#This Row],[Refractive cylinder OS eye]]="")=TRUE,"",Data4[[#This Row],[Refractive sphere OS eye]]+(Data4[[#This Row],[Refractive cylinder OS eye]]/2)) | CA37: =IF(AND(Data4[[#This Row],[Refractive sphere OD eye14]]="",Data4[[#This Row],[Refractive cylinder OD eye15]]="")=TRUE,"",Data4[[#This Row],[Refractive sphere OD eye]]+(Data4[[#This Row],[Refractive cylinder OD eye]]/2)) | CE37: =IF(AND(Data4[[#This Row],[Refractive sphere OS eye18]]="",Data4[[#This Row],[Refractive cylinder OS eye19]]="")=TRUE,"",Data4[[#This Row],[Refractive sphere OS eye]]+(Data4[[#This Row],[Refractive cylinder OS eye]]/2)) | CY37: =IF(AND(Data4[[#This Row],[Refractive sphere OS eye19]]="",Data4[[#This Row],[Refractive cylinder OS eye20]]="")=TRUE,"",Data4[[#This Row],[Refractive sphere OD eye]]+(Data4[[#This Row],[Refractive cylinder OD eye]]/2)) | DC37: =IF(AND(Data4[[#This Row],[Refractive sphere OS eye19]]="",Data4[[#This Row],[Refractive cylinder OS eye20]]="")=TRUE,"",Data4[[#This Row],[Refractive sphere OS eye]]+(Data4[[#This Row],[Refractive cylinder OS eye]]/2)) | DW37: =IF(AND(Data4[[#This Row],[Refractive sphere OD eye1515]]="",Data4[[#This Row],[Refractive cylinder OD eye1616]]="")=TRUE,"",Data4[[#This Row],[Refractive sphere OD eye1515]]+(Data4[[#This Row],[Refractive cylinder OD eye1616]]/2)) | EA37: =IF(AND(Data4[[#This Row],[Refractive sphere OS eye1919]]="",Data4[[#This Row],[Refractive cylinder OS eye2020]]="")=TRUE,"",Data4[[#This Row],[Refractive sphere OS eye1919]]+(Data4[[#This Row],[Refractive cylinder OS eye2020]]/2))

Sheet Apthera IOL Exper - Print Old -
R2: Include Y/N This provides opportunity to remove outliers that would affect results if patient is post-refractive, corneal/retinal pathology or questionable outcomes noted when reviewing data
A6: Column1 | E6: IOL Power | F6: Lens Type | G6: Patient Identifier | H6: Est. Date Of Service | I6: Eye (OD/OS) | J6: SEQ Target | K6: BCDVA | L6: UCDVA | M6: UCIVA | N6: UCNVA | O6: SEQ Outcome | P6: Include (Y/N)
A7: =Data2[[#This Row],[Patient Identifier]]&Data2[[#This Row],[Eye (OD/OS)]] -> 99999OD | D7: EX. | E7: 22.00/1.50 | F7: enVista Toric | G7: 99999 | H7: 43831 | I7: OD | J7: -0.25 | K7: 20/20 | L7: 20/25 | M7: 20/20 | N7: J3 | O7: -0.25 | P7: No | R7: Definitions:
A8: =Data2[[#This Row],[Patient Identifier]]&Data2[[#This Row],[Eye (OD/OS)]] | R8: SEQ Target - Surgeon’s expected predict/target
A9: =Data2[[#This Row],[Patient Identifier]]&Data2[[#This Row],[Eye (OD/OS)]] | R9: SEQ Outcome - Patient’s spherical equivalent refractive outcome
A10: =Data2[[#This Row],[Patient Identifier]]&Data2[[#This Row],[Eye (OD/OS)]] | R10: SEQ Difference - Difference between expected target and refractive outcome
A11: =Data2[[#This Row],[Patient Identifier]]&Data2[[#This Row],[Eye (OD/OS)]] | R11: OD: Right Eye
A12: =Data2[[#This Row],[Patient Identifier]]&Data2[[#This Row],[Eye (OD/OS)]] | R12: OS: Left Eye
A13: =Data2[[#This Row],[Patient Identifier]]&Data2[[#This Row],[Eye (OD/OS)]] | R13: OU: Both Eyes
A14: =Data2[[#This Row],[Patient Identifier]]&Data2[[#This Row],[Eye (OD/OS)]] | R14: UCDVA: Uncorrected visual acuity
A15: =Data2[[#This Row],[Patient Identifier]]&Data2[[#This Row],[Eye (OD/OS)]] | R15: BCDVA: Best corrected distance visual acuity
A16: =Data2[[#This Row],[Patient Identifier]]&Data2[[#This Row],[Eye (OD/OS)]] | R16: UCIVA: Uncorrected intermediate visual acuity
A17: =Data2[[#This Row],[Patient Identifier]]&Data2[[#This Row],[Eye (OD/OS)]] | R17: UCNVA: Uncorrected near visual acuity
A18: =Data2[[#This Row],[Patient Identifier]]&Data2[[#This Row],[Eye (OD/OS)]] | R18: Pre-Op Flat K: Pre-Operative flat corneal curvature
A19: =Data2[[#This Row],[Patient Identifier]]&Data2[[#This Row],[Eye (OD/OS)]] | R19: Pre-Op Steep K: Pre-Operative steep corneal curvature
A20: =Data2[[#This Row],[Patient Identifier]]&Data2[[#This Row],[Eye (OD/OS)]] | R20: Flat & Steep K Diff: Difference between flat K and steep K.
A21: =Data2[[#This Row],[Patient Identifier]]&Data2[[#This Row],[Eye (OD/OS)]]
A22: =Data2[[#This Row],[Patient Identifier]]&Data2[[#This Row],[Eye (OD/OS)]]
A23: =Data2[[#This Row],[Patient Identifier]]&Data2[[#This Row],[Eye (OD/OS)]]
A24: =Data2[[#This Row],[Patient Identifier]]&Data2[[#This Row],[Eye (OD/OS)]]
A25: =Data2[[#This Row],[Patient Identifier]]&Data2[[#This Row],[Eye (OD/OS)]]
A26: =Data2[[#This Row],[Patient Identifier]]&Data2[[#This Row],[Eye (OD/OS)]]
A27: =Data2[[#This Row],[Patient Identifier]]&Data2[[#This Row],[Eye (OD/OS)]]
E28: POST OP - EVALUATION SUMMARY - OU
A29: =G29&I29 -> OU | I29: OU
A30: =G30&I30 -> OU | I30: OU
A31: =G31&I31 -> OU | I31: OU
A32: =G32&I32 -> OU | I32: OU
A33: =G33&I33 -> OU | I33: OU
A34: =G34&I34 -> OU | I34: OU
A35: =G35&I35 -> OU | I35: OU
A36: =G36&I36 -> OU | I36: OU
A37: =G37&I37 -> OU | I37: OU
A38: =G38&I38 -> OU | I38: OU

Sheet Sheet1

Sheet Parameters
A1: Eye | B1: Result | C1: UCNVA Result | E1: Include | F1: Type | H1: Distinct List | J1: Count of D values | L1: Drop List | P1: {=OFFSET(Parameters!$H$2,0,0,COUNTA(Parameters!$H:$H)-1,1)} -> 0 | R1: Aspire/Toric
A2: OD | B2: 15 | C2: J1+ | E2: Yes | F2: Envy | H2: {=IFERROR(INDEX(List,MATCH(0,INDEX(COUNTIF($H$1:H1,List),),0)),"")} -> 0 | J2: {=SUMPRODUCT(1/COUNTIF(List,List))} -> #DIV/0! | L2: {=OFFSET($H$2,0,0,NumVal)} -> #DIV/0! | R2: Competitor
A3: OS | B3: 16 | C3: J1 | E3: No | F3: Envy Toric | H3: {=IFERROR(INDEX(List,MATCH(0,INDEX(COUNTIF($H$1:H2,List),),0)),"")}
A4: OU | B4: 20 | C4: J2 | F4: enVista | H4: {=IFERROR(INDEX(List,MATCH(0,INDEX(COUNTIF($H$1:H3,List),),0)),"")}
B5: 25 | C5: J3 | F5: enVista Toric | H5: {=IFERROR(INDEX(List,MATCH(0,INDEX(COUNTIF($H$1:H4,List),),0)),"")}
B6: 30 | C6: J5 | F6: Aspire | H6: {=IFERROR(INDEX(List,MATCH(0,INDEX(COUNTIF($H$1:H5,List),),0)),"")}
B7: 32 | C7: J6 | F7: Aspire Toric | H7: {=IFERROR(INDEX(List,MATCH(0,INDEX(COUNTIF($H$1:H6,List),),0)),"")}
B8: 40 | C8: J8 | F8: IC8 - Apthera | H8: {=IFERROR(INDEX(List,MATCH(0,INDEX(COUNTIF($H$1:H7,List),),0)),"")}
B9: 50 | C9: J10 | F9: Other B+L | H9: {=IFERROR(INDEX(List,MATCH(0,INDEX(COUNTIF($H$1:H8,List),),0)),"")}
B10: 63 | F10: Competitor | H10: {=IFERROR(INDEX(List,MATCH(0,INDEX(COUNTIF($H$1:H9,List),),0)),"")}
B11: 70 | H11: {=IFERROR(INDEX(List,MATCH(0,INDEX(COUNTIF($H$1:H10,List),),0)),"")}
B12: 80 | H12: {=IFERROR(INDEX(List,MATCH(0,INDEX(COUNTIF($H$1:H11,List),),0)),"")}
B13: 100 | H13: {=IFERROR(INDEX(List,MATCH(0,INDEX(COUNTIF($H$1:H12,List),),0)),"")}
B14: 125 | H14: {=IFERROR(INDEX(List,MATCH(0,INDEX(COUNTIF($H$1:H13,List),),0)),"")}
B15: 160 | H15: {=IFERROR(INDEX(List,MATCH(0,INDEX(COUNTIF($H$1:H14,List),),0)),"")}
B16: 200 | H16: {=IFERROR(INDEX(List,MATCH(0,INDEX(COUNTIF($H$1:H15,List),),0)),"")}
H17: {=IFERROR(INDEX(List,MATCH(0,INDEX(COUNTIF($H$1:H16,List),),0)),"")}
H18: {=IFERROR(INDEX(List,MATCH(0,INDEX(COUNTIF($H$1:H17,List),),0)),"")}
H19: {=IFERROR(INDEX(List,MATCH(0,INDEX(COUNTIF($H$1:H18,List),),0)),"")}
H20: {=IFERROR(INDEX(List,MATCH(0,INDEX(COUNTIF($H$1:H19,List),),0)),"")}
H21: {=IFERROR(INDEX(List,MATCH(0,INDEX(COUNTIF($H$1:H20,List),),0)),"")}
H22: {=IFERROR(INDEX(List,MATCH(0,INDEX(COUNTIF($H$1:H21,List),),0)),"")}
